时间,进水流量(m3/h),进水COD(mg/L),进水NH3-N(mg/L),进水TN(mg/L),进水TP(mg/L),出水COD(mg/L),出水NH3-N(mg/L),出水TN(mg/L),出水TP(mg/L),UF出水COD(mg/L),UF出水浊度(NTU),跨膜压差(kPa),电耗(kWh/h),药耗(kg/h)
2026-06-01 00:00,738.0,393.5,33.1,50.2,5.52,19.5,0.92,8.95,0.186,18.8,0.09,18.8,1710.6,46.0
2026-06-01 01:00,531.7,338.5,32.3,50.9,5.75,18.7,1.0,9.63,0.185,18.0,0.04,17.2,1669.1,40.6
2026-06-01 02:00,711.1,408.2,33.6,52.2,5.31,20.5,0.98,8.98,0.18,19.7,0.08,19.1,1792.9,42.7
2026-06-01 03:00,974.7,410.3,45.9,66.7,3.92,18.8,1.0,8.77,0.196,18.0,0.06,19.8,1832.9,52.8
2026-06-01 04:00,761.8,300.1,32.0,50.7,5.27,17.5,0.95,9.23,0.19,17.2,0.05,19.7,1859.8,50.9
2026-06-01 05:00,585.2,361.9,32.3,53.1,5.07,17.4,0.94,10.21,0.194,16.7,0.07,21.2,1710.0,44.5
2026-06-01 06:00,838.5,450.0,39.5,60.3,4.5,17.9,0.97,9.43,0.2,17.1,0.08,18.7,1912.8,54.0
2026-06-01 07:00,833.6,354.1,27.6,47.2,5.56,18.4,0.96,10.71,0.202,17.9,0.03,21.7,1935.8,51.9
2026-06-01 08:00,802.0,348.7,34.4,53.0,4.22,20.1,0.96,9.61,0.184,19.2,0.04,21.3,1800.0,42.5
2026-06-01 09:00,864.1,290.5,30.6,53.9,5.08,19.7,0.95,9.58,0.195,19.3,0.09,21.2,1879.9,54.4
2026-06-01 10:00,859.0,379.5,27.4,47.5,4.93,19.2,1.0,9.57,0.201,18.1,0.08,21.4,1834.8,54.5
2026-06-01 11:00,864.2,343.8,40.3,61.3,5.45,18.5,0.92,8.98,0.185,18.1,0.08,22.0,1834.5,46.2
2026-06-01 12:00,880.5,361.4,41.5,62.6,5.26,17.1,0.96,9.01,0.18,16.3,0.06,21.8,1848.1,46.3
2026-06-01 13:00,854.6,341.7,41.7,63.7,4.31,19.1,1.01,9.25,0.196,18.2,0.09,22.1,1829.0,50.0
2026-06-01 14:00,909.3,366.3,38.0,60.6,4.24,17.8,1.06,9.89,0.179,16.9,0.05,22.8,1813.2,49.7
2026-06-01 15:00,991.5,358.7,37.7,56.9,5.99,17.8,0.89,9.8,0.187,16.8,0.04,22.0,1950.7,51.9
2026-06-01 16:00,920.3,353.4,39.0,58.5,9.01,18.6,0.86,8.85,0.183,17.8,0.09,23.0,1818.5,48.8
2026-06-01 17:00,853.4,447.6,28.5,47.2,4.72,18.5,0.99,8.95,0.194,18.0,0.04,24.2,1833.2,52.1
2026-06-01 18:00,988.4,336.1,33.5,52.5,5.26,19.8,0.92,9.13,0.191,19.0,0.09,26.3,1904.5,55.0
2026-06-01 19:00,1069.2,378.8,33.1,51.4,6.5,18.4,0.87,9.25,0.179,17.7,0.05,23.5,1924.7,52.7
2026-06-01 20:00,1047.0,420.2,38.4,58.1,4.18,20.8,0.89,9.04,0.172,20.3,0.04,23.9,1835.3,48.4
2026-06-01 21:00,744.2,381.9,36.7,53.6,5.32,17.9,0.87,9.76,0.177,17.0,0.05,24.2,1808.2,43.8
2026-06-01 22:00,880.4,338.3,39.5,61.3,5.09,18.3,0.9,8.82,0.164,17.6,0.07,24.0,1841.9,49.1
2026-06-01 23:00,818.8,373.2,26.5,45.3,8.95,16.9,0.84,8.86,0.182,16.0,0.04,24.9,1870.8,48.7
2026-06-02 00:00,822.5,338.0,41.7,63.1,9.56,16.3,0.82,8.63,0.178,15.8,0.05,26.2,1853.9,44.7
2026-06-02 01:00,568.3,411.5,42.5,60.7,5.51,17.1,0.89,9.72,0.18,16.4,0.04,27.4,1783.1,39.6
2026-06-02 02:00,653.5,324.9,37.8,60.4,5.19,18.0,0.84,8.75,0.168,17.4,0.06,24.8,1795.3,43.0
2026-06-02 03:00,918.8,378.3,30.8,51.1,5.11,15.7,0.84,8.29,0.17,15.1,0.09,25.3,1862.3,47.1
2026-06-02 04:00,784.9,385.3,40.0,57.9,4.16,18.0,0.84,8.88,0.162,17.4,0.04,27.8,1775.3,42.0
2026-06-02 05:00,692.9,347.1,39.9,58.7,4.74,16.9,0.85,9.0,0.165,15.9,0.05,23.7,1684.6,44.8
2026-06-02 06:00,873.4,267.3,37.8,57.0,4.86,15.7,0.77,8.05,0.176,15.3,0.05,25.9,1779.2,50.6
2026-06-02 07:00,819.7,356.2,28.2,46.2,4.36,16.6,0.84,8.41,0.16,15.6,0.05,28.3,1768.4,48.2
2026-06-02 08:00,835.9,304.2,36.2,57.1,5.95,16.3,0.79,8.4,0.154,15.7,0.07,27.0,1813.6,45.2
2026-06-02 09:00,904.8,341.5,41.0,61.7,5.39,15.8,0.85,7.82,0.149,15.3,0.09,27.0,1850.0,46.7
2026-06-02 10:00,867.0,327.7,28.8,48.5,4.8,15.7,0.8,8.32,0.154,15.1,0.08,25.3,1858.3,46.4
2026-06-02 11:00,871.1,407.4,33.9,53.8,4.8,16.4,0.8,7.55,0.171,15.9,0.07,27.8,1834.1,48.9
2026-06-02 12:00,943.5,389.3,38.1,59.6,5.47,15.0,0.8,7.79,0.152,14.4,0.08,28.2,1892.0,45.6
2026-06-02 13:00,832.9,362.4,37.4,56.2,5.03,14.2,0.78,6.97,0.158,13.8,0.04,25.9,1859.9,46.0
2026-06-02 14:00,887.9,262.7,34.1,55.8,5.55,16.3,0.72,7.92,0.169,15.9,0.06,28.3,1877.5,49.1
2026-06-02 15:00,1100.0,257.0,30.1,50.5,3.73,14.9,0.94,7.62,0.152,14.1,0.06,29.7,1957.7,49.9
2026-06-02 16:00,901.8,343.6,36.5,52.5,3.98,16.3,0.77,7.5,0.152,15.4,0.07,25.8,1826.7,48.9
2026-06-02 17:00,809.3,324.8,26.0,45.2,4.22,16.3,0.78,8.15,0.148,15.6,0.08,27.8,1868.6,42.9
2026-06-02 18:00,997.5,353.6,33.5,54.7,5.35,15.9,0.83,7.49,0.149,15.0,0.04,28.6,1895.7,50.9
2026-06-02 19:00,1042.5,341.4,27.9,48.8,4.73,15.7,0.83,7.51,0.156,15.2,0.05,28.2,1885.5,50.7
2026-06-02 20:00,933.5,344.9,34.5,54.5,5.72,15.3,0.78,7.74,0.158,14.7,0.08,29.6,1836.7,49.4
2026-06-02 21:00,805.6,347.5,43.8,60.5,5.0,15.3,0.74,7.66,0.153,14.8,0.04,27.9,1833.3,43.8
2026-06-02 22:00,866.3,307.1,31.2,53.0,3.69,16.3,0.72,7.73,0.151,15.6,0.07,27.5,1812.0,46.3
2026-06-02 23:00,743.0,402.0,34.3,54.3,5.93,15.4,0.79,8.13,0.157,14.7,0.03,27.8,1751.0,46.0
2026-06-03 00:00,804.8,358.0,39.5,61.6,4.61,15.1,0.78,7.83,0.166,14.3,0.05,27.0,1761.5,42.0
2026-06-03 01:00,605.1,342.8,36.6,54.5,5.9,16.1,0.76,7.21,0.157,15.5,0.04,28.4,1836.3,44.4
2026-06-03 02:00,752.0,361.6,34.7,56.9,5.12,16.6,0.64,7.98,0.174,15.8,0.07,27.9,1801.6,43.2
2026-06-03 03:00,882.7,375.4,28.1,49.2,4.96,15.8,0.88,8.57,0.163,15.0,0.04,27.0,1890.4,47.5
2026-06-03 04:00,867.1,292.0,38.1,59.2,4.19,15.7,0.76,7.7,0.165,15.0,0.08,27.8,1831.9,47.8
2026-06-03 05:00,733.2,389.4,36.3,53.9,6.0,15.9,0.83,8.42,0.166,15.4,0.05,26.7,1794.8,43.2
2026-06-03 06:00,913.2,359.5,29.7,51.8,6.28,16.6,0.86,9.16,0.168,16.0,0.04,27.1,1876.6,50.3
2026-06-03 07:00,889.4,371.7,40.3,58.6,4.23,16.2,0.78,7.98,0.181,15.4,0.06,26.8,1823.0,47.3
2026-06-03 08:00,838.1,391.2,36.3,54.6,4.7,16.8,0.8,8.74,0.156,16.4,0.08,26.4,1903.1,44.1
2026-06-03 09:00,845.9,335.3,38.4,59.2,8.78,17.2,0.79,8.85,0.151,16.7,0.09,24.7,1879.6,48.2
2026-06-03 10:00,925.3,297.7,30.8,50.8,5.26,16.2,0.89,7.73,0.177,15.5,0.07,28.5,1862.9,46.2
2026-06-03 11:00,856.4,350.5,30.6,47.5,4.27,17.3,0.85,7.54,0.169,16.5,0.04,27.0,1812.6,44.0
2026-06-03 12:00,942.7,401.8,36.5,56.6,4.79,16.2,0.84,9.08,0.175,15.4,0.04,26.0,1778.7,54.0
2026-06-03 13:00,891.2,404.8,32.6,50.7,5.21,17.8,0.89,9.26,0.189,17.0,0.04,25.4,1826.6,46.0
2026-06-03 14:00,847.6,302.0,37.6,59.0,5.64,16.4,0.81,8.92,0.172,15.5,0.06,23.7,1838.4,44.3
2026-06-03 15:00,1047.9,330.8,51.9,67.4,4.68,17.5,0.86,8.82,0.196,16.7,0.05,23.6,1818.6,56.0
2026-06-03 16:00,960.0,317.6,36.4,53.2,5.72,18.4,0.85,8.62,0.178,18.1,0.03,25.1,1843.7,51.3
2026-06-03 17:00,863.7,373.4,31.8,50.4,5.07,17.8,0.9,9.23,0.185,17.0,0.08,25.6,1802.8,45.8
2026-06-03 18:00,999.3,317.1,27.0,45.7,5.15,18.2,0.93,9.12,0.18,17.2,0.03,25.2,1958.1,56.9
2026-06-03 19:00,1100.0,334.7,30.3,50.2,3.97,18.4,0.96,8.49,0.181,17.9,0.04,25.8,2025.6,47.8
2026-06-03 20:00,915.2,367.7,32.7,57.1,4.65,20.0,0.96,10.15,0.182,19.0,0.08,20.6,1894.0,49.3
2026-06-03 21:00,886.8,674.3,25.6,46.6,4.42,19.3,0.93,9.98,0.189,18.6,0.05,21.6,1818.4,49.7
2026-06-03 22:00,850.1,323.0,33.6,52.9,5.13,18.5,0.91,9.25,0.19,17.6,0.06,22.9,1876.8,46.4
2026-06-03 23:00,796.0,356.6,35.4,51.9,4.3,19.9,0.95,9.78,0.191,18.9,0.04,22.3,1798.7,49.3
2026-06-04 00:00,795.8,322.7,36.3,57.9,5.2,21.2,0.92,9.67,0.182,20.5,0.07,20.3,1834.0,44.7
2026-06-04 01:00,595.9,358.1,31.1,50.1,3.31,18.2,0.89,10.27,0.178,17.8,0.04,20.1,1760.3,41.1
2026-06-04 02:00,728.9,323.3,34.0,53.3,5.88,18.2,0.94,9.1,0.192,17.3,0.07,22.3,1792.3,45.8
2026-06-04 03:00,1023.2,395.9,34.2,55.1,4.58,17.8,0.99,9.91,0.203,17.1,0.04,20.6,1935.6,55.0
2026-06-04 04:00,833.5,241.6,32.1,51.7,4.68,20.2,0.89,9.68,0.174,19.3,0.05,21.0,1830.4,47.5
2026-06-04 05:00,684.0,309.9,29.7,47.3,5.41,20.1,0.95,9.09,0.187,19.5,0.04,19.9,1794.9,45.3
2026-06-04 06:00,907.5,376.0,32.9,49.5,5.16,19.2,0.85,10.09,0.186,18.4,0.06,19.8,1865.9,45.0
2026-06-04 07:00,1026.0,320.9,34.3,54.1,5.54,19.5,1.02,9.27,0.172,18.7,0.04,17.9,1856.1,51.8
2026-06-04 08:00,908.7,365.1,31.7,53.1,5.34,19.9,0.92,10.22,0.185,19.0,0.04,18.2,1862.9,48.6
2026-06-04 09:00,874.9,354.4,32.6,53.5,5.0,19.5,0.94,9.66,0.195,18.8,0.09,18.6,1814.6,55.4
2026-06-04 10:00,904.4,369.1,44.5,63.1,5.13,18.8,0.93,9.53,0.192,18.3,0.08,19.0,1856.6,55.8
2026-06-04 11:00,929.9,357.9,33.3,54.4,4.62,19.8,1.04,8.85,0.178,18.9,0.06,21.0,1846.7,48.6
2026-06-04 12:00,1025.8,329.8,38.7,58.7,4.89,18.7,0.87,9.61,0.189,17.6,0.06,16.3,1860.6,49.1
2026-06-04 13:00,868.2,349.7,24.9,45.1,3.7,19.7,0.98,9.01,0.19,18.5,0.05,18.5,1889.8,51.0
2026-06-04 14:00,892.0,342.4,35.1,55.8,4.69,17.8,1.0,9.42,0.19,17.1,0.08,15.9,1862.9,45.3
2026-06-04 15:00,1100.0,361.0,36.2,56.3,4.33,18.8,0.87,9.96,0.184,17.7,0.07,17.1,1946.6,50.0
2026-06-04 16:00,934.8,330.5,38.7,62.0,3.88,17.4,0.9,9.81,0.186,16.7,0.09,17.7,1855.9,49.1
2026-06-04 17:00,836.4,248.3,26.2,44.6,6.27,16.8,0.91,9.02,0.191,15.9,0.06,14.4,1776.7,52.1
2026-06-04 18:00,966.6,333.7,38.5,55.1,5.42,18.5,0.94,9.31,0.163,17.8,0.04,16.6,1847.1,49.9
2026-06-04 19:00,1100.0,399.6,37.8,56.4,6.0,17.7,0.82,9.51,0.191,17.2,0.08,15.1,1915.5,59.0
2026-06-04 20:00,1010.7,375.1,32.2,55.6,5.53,17.4,0.87,9.28,0.171,17.0,0.04,14.7,1905.2,50.1
2026-06-04 21:00,876.0,362.6,36.1,52.9,4.64,17.7,0.91,9.42,0.183,16.9,0.04,16.1,1853.7,46.2
2026-06-04 22:00,898.8,329.3,34.9,51.8,4.93,17.5,0.94,9.04,0.183,16.5,0.07,15.3,1904.5,46.7
2026-06-04 23:00,844.0,409.7,36.3,53.0,5.93,19.2,0.97,8.53,0.181,18.5,0.06,15.2,1836.0,49.7
2026-06-05 00:00,792.9,379.1,33.8,55.8,5.39,17.4,0.79,9.19,0.181,16.6,0.06,13.6,1849.3,42.6
2026-06-05 01:00,584.6,794.8,34.2,53.5,8.41,16.6,0.91,8.52,0.171,16.0,0.05,14.3,1764.4,39.6
2026-06-05 02:00,722.3,379.0,33.7,54.1,5.48,18.6,0.83,8.65,0.179,17.6,0.03,12.8,1814.5,48.4
2026-06-05 03:00,941.9,386.5,36.5,54.9,4.84,16.3,0.85,8.47,0.17,15.6,0.08,14.0,1886.9,49.6
2026-06-05 04:00,780.6,309.1,35.3,53.5,4.25,16.6,0.82,8.82,0.16,16.3,0.07,12.1,1871.5,46.6
2026-06-05 05:00,629.5,413.5,36.7,57.6,4.98,16.4,0.78,7.92,0.166,15.6,0.03,10.0,1765.7,39.3
2026-06-05 06:00,865.8,337.9,34.3,55.0,5.2,16.5,0.76,8.18,0.169,15.5,0.09,9.9,1847.9,49.9
2026-06-05 07:00,922.4,376.4,39.0,58.3,5.64,16.4,0.83,8.13,0.169,15.9,0.08,11.9,1883.7,43.8
2026-06-05 08:00,785.6,333.5,30.7,51.0,5.03,15.1,0.86,7.9,0.156,14.6,0.06,11.4,1788.5,46.3
2026-06-05 09:00,940.4,314.6,34.4,57.7,4.49,17.0,0.77,8.14,0.157,16.5,0.06,11.8,1871.8,48.7
2026-06-05 10:00,866.4,364.2,25.4,47.5,4.39,16.1,0.78,8.68,0.16,15.4,0.07,12.2,1854.6,49.4
2026-06-05 11:00,828.7,308.1,28.7,45.9,4.38,16.2,0.78,7.39,0.15,15.7,0.07,9.7,1904.1,51.0
2026-06-05 12:00,938.8,436.3,36.1,58.4,4.48,15.6,0.74,7.46,0.152,15.2,0.07,9.8,1925.4,47.2
2026-06-05 13:00,891.8,339.5,34.8,55.3,5.57,15.9,0.79,7.11,0.165,15.4,0.03,10.8,1830.8,45.0
2026-06-05 14:00,919.0,334.2,29.4,48.9,5.72,16.2,0.7,6.99,0.161,15.2,0.06,9.6,1914.0,48.6
2026-06-05 15:00,1008.0,417.1,32.9,49.8,5.01,14.1,0.78,7.05,0.15,13.6,0.03,9.4,1893.9,50.2
2026-06-05 16:00,925.2,311.3,45.0,63.1,5.71,15.3,0.79,7.73,0.152,14.8,0.06,8.3,1901.8,46.7
2026-06-05 17:00,826.6,394.3,34.4,58.5,4.88,14.9,0.73,6.94,0.148,14.1,0.06,10.6,1863.5,53.9
2026-06-05 18:00,1082.7,443.2,31.9,52.8,5.23,16.6,0.71,8.0,0.153,16.0,0.05,9.5,1997.5,56.1
2026-06-05 19:00,1100.0,377.2,34.3,57.5,3.49,16.1,0.8,7.82,0.161,15.6,0.07,9.8,1986.2,52.3
2026-06-05 20:00,913.2,331.4,39.9,61.6,5.04,16.6,0.77,7.25,0.153,16.0,0.04,9.1,1879.0,50.8
2026-06-05 21:00,896.5,338.2,39.7,58.8,5.4,14.2,0.83,7.11,0.15,13.8,0.04,8.5,1818.8,48.7
2026-06-05 22:00,870.0,433.1,31.0,54.0,4.7,14.3,0.73,8.64,0.161,13.7,0.08,8.3,1898.4,49.7
2026-06-05 23:00,835.5,425.8,36.0,54.1,4.98,14.8,0.78,7.5,0.161,14.3,0.04,9.1,1875.6,48.5
2026-06-06 00:00,742.0,381.5,35.2,58.9,5.29,14.8,0.77,7.27,0.136,14.5,0.05,7.3,1776.5,38.1
2026-06-06 01:00,532.3,278.4,29.2,48.5,4.54,15.2,0.78,8.05,0.149,14.4,0.03,8.8,1752.7,40.3
2026-06-06 02:00,745.5,266.8,38.0,56.0,4.14,15.7,0.81,7.42,0.151,14.8,0.05,7.5,1802.6,44.2
2026-06-06 03:00,850.9,308.9,31.8,50.9,5.05,14.2,0.8,7.26,0.176,13.5,0.08,8.6,1843.3,49.5
2026-06-06 04:00,721.3,371.9,27.9,48.2,5.82,17.5,0.89,8.23,0.157,17.1,0.07,9.6,1712.9,46.7
2026-06-06 05:00,700.9,375.7,28.9,49.0,5.03,16.1,0.78,7.65,0.153,15.4,0.07,6.8,1823.8,45.4
2026-06-06 06:00,778.8,333.0,31.6,52.1,4.06,15.7,0.8,8.36,0.172,15.0,0.06,8.5,1841.5,46.1
2026-06-06 07:00,795.9,334.7,41.3,62.0,5.29,16.5,0.79,8.56,0.159,15.9,0.08,9.5,1788.9,44.0
2026-06-06 08:00,712.7,416.4,32.0,51.7,5.43,15.8,0.77,7.99,0.154,15.4,0.05,7.9,1767.3,45.6
2026-06-06 09:00,825.4,318.2,40.6,58.1,5.08,18.0,0.79,8.3,0.172,17.6,0.08,5.9,1788.9,47.4
2026-06-06 10:00,823.2,263.1,26.3,43.7,4.8,16.4,0.88,7.8,0.174,15.4,0.04,8.9,1811.8,50.2
2026-06-06 11:00,860.6,344.7,41.2,60.1,5.28,17.0,0.82,8.29,0.176,16.4,0.08,8.8,1811.0,49.0
2026-06-06 12:00,959.0,296.7,39.4,58.2,4.66,16.7,0.91,8.96,0.168,16.3,0.07,7.9,1900.9,47.5
2026-06-06 13:00,780.8,641.5,36.7,55.8,5.7,17.8,0.91,8.71,0.175,17.2,0.08,5.4,1786.2,48.7
2026-06-06 14:00,830.6,391.3,42.9,63.4,4.6,17.6,0.92,9.24,0.169,17.2,0.04,7.9,1717.0,48.3
2026-06-06 15:00,1020.0,322.1,34.6,56.2,5.85,18.4,0.85,9.64,0.183,17.7,0.04,10.0,1894.9,52.5
2026-06-06 16:00,897.8,379.1,37.5,57.0,5.6,19.0,0.85,9.21,0.178,18.3,0.03,8.4,1847.3,47.4
2026-06-06 17:00,775.3,357.8,32.2,53.7,5.29,18.2,0.89,9.03,0.184,17.5,0.04,8.4,1822.5,45.4
2026-06-06 18:00,902.2,338.3,31.5,50.2,5.26,17.7,0.87,9.44,0.178,16.9,0.07,8.5,1903.7,49.0
2026-06-06 19:00,1083.9,332.0,40.0,60.9,5.21,19.7,0.84,9.09,0.176,19.2,0.04,8.8,1916.9,49.3
2026-06-06 20:00,1013.9,324.4,37.8,58.0,5.06,17.9,0.91,8.9,0.182,17.5,0.08,9.7,1914.3,53.8
2026-06-06 21:00,868.5,318.2,34.1,55.8,6.06,18.2,0.97,8.1,0.17,17.4,0.04,9.4,1886.6,46.9
2026-06-06 22:00,814.9,416.3,34.1,52.6,4.55,17.3,1.01,8.86,0.179,16.3,0.07,8.5,1794.3,44.9
2026-06-06 23:00,799.5,380.8,29.5,50.6,5.55,19.6,0.89,8.92,0.198,18.7,0.05,8.3,1814.7,52.9
2026-06-07 00:00,777.1,358.3,23.5,46.2,5.63,19.8,0.92,9.1,0.194,18.7,0.04,9.5,1847.9,51.2
2026-06-07 01:00,598.8,429.2,35.0,58.4,3.97,19.6,0.94,9.28,0.197,18.6,0.05,8.7,1745.0,48.1
2026-06-07 02:00,760.3,464.3,30.8,52.4,4.64,19.3,0.89,9.91,0.177,18.7,0.06,10.2,1813.3,45.0
2026-06-07 03:00,895.2,320.7,29.5,53.5,4.6,21.1,0.97,8.96,0.184,20.2,0.06,9.5,1808.7,44.2
2026-06-07 04:00,756.5,361.3,34.3,55.6,4.35,19.7,0.94,9.51,0.189,19.1,0.08,11.7,1877.1,47.3
2026-06-07 05:00,603.6,431.4,36.0,54.1,5.41,19.1,1.03,9.57,0.201,18.5,0.06,12.5,1765.3,45.2
2026-06-07 06:00,884.2,354.8,32.7,54.8,4.05,19.5,0.93,9.56,0.184,18.6,0.04,11.6,1815.4,47.5
2026-06-07 07:00,854.0,336.6,42.7,63.4,5.68,19.3,0.94,9.78,0.183,18.8,0.06,13.3,1870.7,46.5
2026-06-07 08:00,733.2,287.3,28.4,53.6,4.94,19.6,0.9,9.27,0.19,19.1,0.04,11.7,1793.1,50.5
2026-06-07 09:00,868.2,394.1,36.7,55.0,5.13,19.0,0.92,9.62,0.192,18.3,0.07,11.4,1822.0,54.3
2026-06-07 10:00,821.7,367.3,33.4,56.6,5.52,19.2,0.97,9.24,0.201,18.3,0.08,12.2,1840.3,50.4
2026-06-07 11:00,881.2,265.6,37.1,55.5,5.8,18.3,0.95,10.06,0.185,17.5,0.03,13.0,1893.0,46.4
2026-06-07 12:00,903.5,324.1,36.7,56.6,5.39,19.4,0.95,9.99,0.18,18.8,0.06,13.6,1810.2,50.8
2026-06-07 13:00,861.1,315.9,31.8,60.6,5.28,19.4,0.98,9.01,0.185,18.5,0.05,14.0,1855.2,47.2
2026-06-07 14:00,832.4,364.2,33.4,52.4,5.75,18.8,0.94,9.72,0.193,17.8,0.09,15.3,1816.5,54.0
2026-06-07 15:00,975.8,323.0,32.7,53.3,4.21,20.4,0.93,9.77,0.18,19.6,0.07,16.4,1902.6,50.3
2026-06-07 16:00,894.7,399.0,32.2,52.6,3.91,18.5,0.99,9.27,0.188,17.5,0.06,14.9,1868.7,44.6
2026-06-07 17:00,809.6,333.1,34.3,57.0,5.6,18.8,0.93,8.39,0.187,18.0,0.08,17.0,1798.8,48.6
2026-06-07 18:00,1020.5,343.4,34.6,56.3,5.78,18.4,0.98,9.2,0.177,18.0,0.06,16.9,1837.5,52.8
2026-06-07 19:00,1100.0,263.6,48.2,67.2,3.89,17.7,0.89,8.96,0.182,16.8,0.08,15.5,2000.3,54.3
2026-06-07 20:00,834.6,296.5,31.8,53.3,5.0,17.9,0.89,8.67,0.181,17.0,0.09,18.0,1836.8,46.2
2026-06-07 21:00,903.5,432.2,32.9,52.7,4.89,18.8,0.91,9.17,0.18,18.2,0.07,16.4,1871.5,43.5
2026-06-07 22:00,861.6,695.5,31.1,51.5,5.06,16.5,0.87,8.86,0.169,16.0,0.07,19.9,1875.0,45.5
2026-06-07 23:00,730.3,518.3,30.0,50.5,4.53,17.4,0.97,8.62,0.169,16.9,0.08,17.2,1814.6,45.5
2026-06-08 00:00,795.9,299.5,33.5,54.0,4.94,18.3,0.8,8.27,0.182,17.7,0.05,19.5,1781.6,45.9
2026-06-08 01:00,628.0,319.4,34.4,55.4,4.93,17.2,0.75,9.07,0.173,16.8,0.08,16.9,1781.4,41.9
2026-06-08 02:00,715.4,332.7,37.2,55.2,4.83,16.3,0.88,8.61,0.17,15.4,0.07,17.3,1765.8,48.3
2026-06-08 03:00,1000.0,366.5,32.1,52.1,5.69,17.1,0.9,8.64,0.17,16.2,0.08,18.8,1872.4,47.1
2026-06-08 04:00,780.7,311.6,33.8,51.6,6.88,14.8,0.81,8.39,0.172,14.3,0.06,19.1,1813.1,40.9
2026-06-08 05:00,737.5,366.2,35.4,65.1,4.29,16.3,0.9,7.92,0.167,15.3,0.08,18.5,1808.2,44.3
2026-06-08 06:00,904.6,427.9,32.2,53.4,5.29,17.0,0.75,8.08,0.185,16.4,0.03,19.8,1866.1,47.2
2026-06-08 07:00,889.6,731.9,33.6,57.8,6.01,17.9,0.79,8.37,0.151,17.5,0.06,18.2,1869.5,47.0
2026-06-08 08:00,845.7,497.8,36.9,58.6,4.59,16.2,0.87,7.81,0.167,15.6,0.03,22.0,1876.8,39.5
2026-06-08 09:00,851.7,321.9,55.5,77.4,4.8,16.5,0.8,7.27,0.156,16.1,0.09,20.5,1826.2,49.9
2026-06-08 10:00,800.1,389.7,35.4,65.7,5.04,15.2,0.79,8.49,0.164,14.4,0.05,21.4,1892.6,47.6
2026-06-08 11:00,880.6,394.0,41.8,58.6,5.28,16.6,0.81,8.2,0.161,15.7,0.04,23.2,1810.4,49.6
2026-06-08 12:00,1044.3,260.2,30.9,50.3,4.86,15.7,0.75,7.8,0.164,15.3,0.03,24.5,1912.3,49.8
2026-06-08 13:00,910.2,306.5,31.9,48.7,4.58,14.9,0.8,7.52,0.15,14.4,0.09,23.4,1824.9,47.2
2026-06-08 14:00,921.1,354.0,37.2,58.2,4.33,15.7,0.77,7.37,0.166,15.1,0.06,23.6,1849.1,48.5
2026-06-08 15:00,1014.9,356.2,30.0,50.0,4.95,14.6,0.75,7.02,0.161,14.2,0.03,22.7,1899.4,50.2
2026-06-08 16:00,1014.8,389.2,33.2,50.0,5.32,15.6,0.8,7.79,0.156,15.0,0.06,22.0,1907.0,43.8
2026-06-08 17:00,891.4,310.1,41.5,61.5,4.88,15.9,0.83,7.97,0.152,15.3,0.05,21.8,1861.6,53.8
2026-06-08 18:00,996.9,376.5,35.9,57.7,4.74,15.7,0.79,7.84,0.162,15.0,0.03,25.5,1928.8,47.1
2026-06-08 19:00,1100.0,342.8,32.8,51.5,3.89,14.4,0.75,7.36,0.154,13.7,0.08,26.9,1903.1,54.6
2026-06-08 20:00,1066.4,349.0,34.2,53.9,5.23,15.5,0.76,7.14,0.159,14.6,0.06,23.3,1951.1,51.0
2026-06-08 21:00,863.4,348.7,35.9,55.4,5.24,16.3,0.72,7.86,0.137,15.7,0.06,24.5,1894.1,49.1
2026-06-08 22:00,912.9,511.6,31.3,50.3,5.05,15.6,0.8,8.05,0.158,14.8,0.09,24.7,1885.0,48.7
2026-06-08 23:00,883.4,349.4,36.5,56.8,4.94,13.8,0.76,7.84,0.161,13.1,0.04,26.9,1853.0,45.1
2026-06-09 00:00,806.9,393.7,41.3,61.5,4.9,14.8,0.9,7.5,0.153,14.0,0.05,23.9,1860.2,45.9
2026-06-09 01:00,581.1,335.4,33.6,57.0,4.88,15.6,0.69,8.16,0.139,15.0,0.05,25.0,1755.9,42.4
2026-06-09 02:00,771.0,378.9,41.9,59.3,5.03,15.3,0.79,8.2,0.149,14.6,0.04,27.2,1758.6,48.2
2026-06-09 03:00,945.0,396.8,34.3,53.7,5.13,16.7,0.81,8.72,0.15,16.2,0.04,26.4,1938.6,48.5
2026-06-09 04:00,810.6,514.8,39.2,61.3,5.65,15.7,0.82,8.95,0.166,14.8,0.08,27.6,1836.1,47.1
2026-06-09 05:00,710.2,312.8,27.7,48.0,5.34,14.7,0.87,7.76,0.159,14.0,0.08,28.6,1780.4,42.4
2026-06-09 06:00,948.0,264.4,37.0,57.8,5.05,15.2,0.72,8.75,0.161,14.3,0.07,25.7,1883.7,51.1
2026-06-09 07:00,880.1,329.4,28.5,47.5,4.16,14.6,0.75,8.42,0.155,13.8,0.05,27.4,1839.9,48.2
2026-06-09 08:00,818.6,434.2,32.8,55.2,4.76,17.3,0.8,8.25,0.178,16.7,0.07,28.4,1821.4,45.8
2026-06-09 09:00,927.7,401.7,39.1,58.9,5.89,16.5,0.82,8.37,0.164,15.7,0.04,25.8,1827.2,49.6
2026-06-09 10:00,888.5,344.4,40.0,62.1,5.33,16.7,0.86,7.97,0.149,16.4,0.06,24.6,1929.9,46.1
2026-06-09 11:00,985.9,350.6,31.2,48.7,5.93,16.8,0.78,7.62,0.165,16.1,0.06,27.6,1905.1,46.9
2026-06-09 12:00,925.1,351.2,33.5,52.2,4.37,17.4,0.82,8.29,0.166,17.1,0.04,26.4,1798.6,48.7
2026-06-09 13:00,946.0,379.6,39.9,60.8,5.7,16.6,0.83,9.0,0.186,16.3,0.05,26.6,1918.3,51.2
2026-06-09 14:00,928.4,339.3,32.4,51.3,5.79,17.4,0.86,8.37,0.177,16.9,0.05,25.8,1918.0,45.6
2026-06-09 15:00,1100.0,358.0,41.0,62.7,8.62,17.0,0.91,7.94,0.163,16.1,0.04,26.8,1941.3,51.7
2026-06-09 16:00,900.5,371.5,32.5,49.3,4.85,18.8,0.95,9.02,0.179,18.4,0.07,28.9,1795.6,46.8
2026-06-09 17:00,876.1,343.1,45.3,63.9,5.51,17.8,0.9,9.08,0.181,17.1,0.05,29.2,1814.7,50.5
2026-06-09 18:00,1100.0,343.0,31.6,55.3,4.55,18.3,0.89,8.89,0.172,17.7,0.06,26.6,1912.2,53.0
2026-06-09 19:00,1100.0,345.8,47.0,66.9,4.94,17.7,0.92,9.51,0.194,16.9,0.03,29.8,2027.2,53.8
2026-06-09 20:00,983.0,266.5,30.9,51.9,3.9,18.9,0.93,9.01,0.183,18.0,0.08,26.9,1843.8,47.8
2026-06-09 21:00,905.3,370.8,40.3,62.4,5.01,18.5,0.92,9.3,0.183,17.5,0.09,29.3,1853.7,53.0
2026-06-09 22:00,951.0,407.8,28.0,46.4,5.96,19.0,0.94,9.67,0.171,18.1,0.06,29.8,1909.5,45.2
2026-06-09 23:00,744.3,327.9,63.7,85.6,5.73,18.4,0.93,10.02,0.202,17.4,0.08,30.0,1791.9,51.6
2026-06-10 00:00,824.4,445.1,38.2,59.0,4.97,18.1,0.93,10.05,0.182,17.5,0.07,27.6,1805.9,45.1
2026-06-10 01:00,638.3,341.3,42.6,65.6,4.88,18.7,0.84,9.74,0.201,18.2,0.06,30.0,1760.6,51.4
2026-06-10 02:00,749.9,396.1,30.8,50.2,5.13,19.2,0.89,9.77,0.205,18.4,0.04,27.6,1784.3,55.9
2026-06-10 03:00,830.0,285.8,37.1,55.1,5.35,19.4,0.97,9.71,0.196,18.3,0.03,27.4,1807.6,54.4
2026-06-10 04:00,799.2,400.2,33.7,51.1,5.18,19.6,0.93,10.04,0.197,18.4,0.05,27.9,1820.6,53.7
2026-06-10 05:00,761.0,342.5,36.7,56.1,5.93,19.1,0.94,8.87,0.189,18.5,0.06,29.0,1848.4,42.6
2026-06-10 06:00,931.1,318.5,37.7,61.0,4.59,19.2,0.96,9.66,0.185,18.5,0.04,27.3,1964.5,44.6
2026-06-10 07:00,958.9,367.1,30.9,46.2,4.22,19.1,0.9,9.06,0.181,18.3,0.05,28.9,1860.3,50.3
2026-06-10 08:00,788.0,411.8,28.0,47.9,5.25,18.9,0.97,9.36,0.201,18.0,0.07,26.3,1821.0,54.2
2026-06-10 09:00,937.6,604.4,30.9,48.8,5.77,19.5,0.97,9.22,0.199,18.5,0.06,25.5,1871.9,59.5
2026-06-10 10:00,891.2,342.9,37.6,59.3,3.75,19.4,0.97,9.67,0.191,18.5,0.03,26.0,1810.7,55.2
2026-06-10 11:00,920.8,339.6,36.9,53.9,5.77,18.4,1.02,9.22,0.193,17.6,0.06,24.4,1838.3,54.7
2026-06-10 12:00,964.4,362.5,40.5,55.9,4.33,18.1,0.98,10.12,0.184,17.5,0.03,26.8,1916.2,48.9
2026-06-10 13:00,875.3,420.9,37.8,58.5,4.27,19.4,0.84,9.76,0.192,18.6,0.05,26.3,1904.3,52.8
2026-06-10 14:00,841.8,388.5,36.4,52.3,4.36,18.9,1.0,9.42,0.197,18.2,0.07,26.3,1893.9,53.5
2026-06-10 15:00,1036.4,389.4,39.3,60.3,4.41,17.8,0.95,9.44,0.188,17.0,0.08,24.0,1960.5,52.1
2026-06-10 16:00,923.5,428.3,38.6,59.0,4.66,19.1,0.92,8.61,0.177,18.6,0.09,26.0,1858.9,47.4
2026-06-10 17:00,863.7,316.5,35.3,59.6,4.87,19.9,0.91,8.73,0.183,18.8,0.05,25.3,1877.7,49.8
2026-06-10 18:00,1067.3,343.9,29.2,50.2,5.65,17.6,0.87,9.32,0.194,17.0,0.09,24.6,1890.3,52.7
2026-06-10 19:00,1100.0,403.1,32.4,55.0,5.12,17.9,0.89,8.62,0.183,17.1,0.05,20.9,1973.1,52.2
2026-06-10 20:00,951.4,282.3,30.5,53.0,4.63,18.6,0.88,9.62,0.189,18.2,0.08,25.5,1885.8,52.9
2026-06-10 21:00,880.1,325.7,37.7,56.6,5.49,18.7,0.89,8.83,0.181,18.0,0.04,25.1,1836.5,45.6
2026-06-10 22:00,905.0,302.3,41.6,59.4,4.8,18.0,0.86,8.79,0.2,17.6,0.06,23.4,1850.1,62.3
2026-06-10 23:00,839.0,351.7,39.5,61.1,5.23,18.2,0.93,8.84,0.152,17.1,0.08,21.9,1878.8,48.2
2026-06-11 00:00,820.6,344.3,33.6,52.5,4.34,17.1,0.9,8.3,0.18,16.6,0.06,24.4,1811.3,44.8
2026-06-11 01:00,618.5,315.2,39.5,61.0,5.27,18.0,0.84,8.8,0.169,17.3,0.09,23.0,1716.2,46.8
2026-06-11 02:00,788.7,369.7,37.2,57.4,5.11,16.5,0.86,8.36,0.169,16.0,0.09,20.9,1818.9,40.7
2026-06-11 03:00,935.9,401.4,37.5,56.6,4.97,18.5,0.84,7.98,0.178,17.8,0.04,21.6,1868.4,49.9
2026-06-11 04:00,790.3,322.7,34.6,51.8,5.08,15.3,0.84,9.14,0.167,14.4,0.05,20.9,1799.3,43.2
2026-06-11 05:00,689.9,322.9,36.0,58.8,5.22,16.7,0.84,8.38,0.163,16.1,0.09,20.9,1817.6,44.6
2026-06-11 06:00,943.7,343.2,40.3,59.2,5.28,15.4,0.82,8.82,0.164,14.5,0.05,19.7,1952.8,51.1
2026-06-11 07:00,878.5,353.5,31.0,54.9,5.7,17.9,0.82,7.69,0.152,17.4,0.06,19.0,1912.7,46.0
2026-06-11 08:00,804.1,424.0,33.9,49.8,5.36,16.5,0.81,8.2,0.171,16.1,0.08,18.2,1844.6,45.5
2026-06-11 09:00,906.8,395.5,35.0,58.5,5.47,16.6,0.83,8.73,0.139,15.7,0.07,18.7,1918.6,51.8
2026-06-11 10:00,903.3,354.8,25.2,43.0,8.32,16.1,0.78,7.79,0.154,15.5,0.05,18.7,1804.5,47.6
2026-06-11 11:00,826.5,567.7,37.0,58.9,5.66,15.6,0.76,8.07,0.141,15.0,0.03,18.9,1841.4,46.8
2026-06-11 12:00,885.8,322.2,39.1,59.2,4.96,16.0,0.82,7.23,0.156,15.4,0.08,19.1,1863.1,47.3
2026-06-11 13:00,832.7,338.3,35.4,56.0,6.12,14.8,0.8,7.41,0.165,14.2,0.08,18.5,1869.3,48.1
2026-06-11 14:00,872.0,373.6,41.8,63.2,4.42,15.5,0.85,7.98,0.158,14.8,0.04,17.2,1849.8,48.8
2026-06-11 15:00,1000.7,309.6,51.4,73.8,5.67,15.6,0.76,8.36,0.159,14.7,0.04,15.6,1852.3,51.8
2026-06-11 16:00,955.4,342.0,40.2,60.1,5.74,14.5,0.72,7.57,0.153,14.0,0.06,15.8,1870.1,49.3
2026-06-11 17:00,882.7,391.9,29.3,50.9,5.25,16.2,0.75,7.58,0.157,15.9,0.03,15.2,1933.3,47.3
2026-06-11 18:00,962.8,354.6,60.0,79.0,4.85,16.8,0.78,8.34,0.157,16.4,0.06,14.6,1894.5,50.7
2026-06-11 19:00,1100.0,336.8,37.0,59.5,5.05,16.0,0.71,7.98,0.155,15.4,0.08,15.7,1926.8,53.4
2026-06-11 20:00,986.9,374.9,31.1,49.2,4.1,15.4,0.76,7.81,0.155,14.9,0.05,15.7,1846.1,48.4
2026-06-11 21:00,961.3,434.0,30.7,50.1,4.96,14.8,0.7,7.33,0.174,14.3,0.04,13.8,1926.4,44.9
2026-06-11 22:00,971.8,398.0,41.3,60.3,3.96,15.5,0.84,7.27,0.147,15.0,0.06,16.8,1941.5,47.8
2026-06-11 23:00,829.3,327.3,32.6,53.1,4.52,15.0,0.79,8.39,0.163,14.6,0.04,13.4,1754.0,47.5
2026-06-12 00:00,835.6,381.8,39.4,59.1,5.26,15.0,0.69,8.16,0.146,14.2,0.06,12.6,1813.5,46.4
2026-06-12 01:00,565.2,437.5,38.7,56.5,5.67,15.6,0.78,7.74,0.166,14.8,0.08,12.6,1676.8,40.9
2026-06-12 02:00,708.7,384.3,34.4,50.1,5.08,15.5,0.86,7.69,0.156,15.2,0.05,11.0,1777.0,46.0
2026-06-12 03:00,954.0,297.3,34.3,54.2,5.33,15.7,0.74,8.17,0.163,14.9,0.08,11.8,1918.2,55.3
2026-06-12 04:00,838.9,379.3,30.3,47.1,5.42,15.7,0.74,8.12,0.17,15.1,0.03,13.0,1750.2,45.4
2026-06-12 05:00,667.2,327.9,38.2,58.3,5.53,15.5,0.73,8.11,0.154,14.8,0.04,11.4,1801.7,45.1
2026-06-12 06:00,919.9,397.5,35.0,57.2,4.58,15.2,0.77,7.75,0.173,14.6,0.04,11.7,1825.0,46.3
2026-06-12 07:00,891.1,294.8,36.5,59.0,6.31,15.7,0.86,7.92,0.167,15.1,0.06,12.6,1796.8,45.7
2026-06-12 08:00,742.4,344.7,29.5,48.4,5.0,16.6,0.81,8.39,0.173,16.0,0.08,12.0,1749.0,45.7
2026-06-12 09:00,883.9,363.6,29.5,48.6,5.13,16.6,0.84,8.51,0.173,15.7,0.08,9.5,1862.2,45.1
2026-06-12 10:00,899.7,362.7,39.6,59.0,5.95,17.0,0.82,8.84,0.172,16.5,0.03,11.1,1885.3,50.2
2026-06-12 11:00,920.8,365.5,38.6,57.2,5.26,18.8,0.82,8.26,0.164,18.1,0.06,9.1,1843.4,45.9
2026-06-12 12:00,1009.4,337.9,33.6,52.1,4.67,17.5,0.9,8.84,0.166,16.8,0.06,10.9,1942.1,52.2
2026-06-12 13:00,880.4,344.2,32.4,51.1,6.19,18.0,0.84,8.67,0.171,17.5,0.09,8.5,1869.6,47.6
2026-06-12 14:00,894.5,353.7,31.7,51.0,4.84,17.3,0.89,9.2,0.17,16.5,0.07,7.8,1864.6,49.2
2026-06-12 15:00,1100.0,399.4,34.1,55.1,4.37,17.6,0.79,9.28,0.179,17.0,0.08,11.7,1856.3,57.1
2026-06-12 16:00,1054.1,367.0,32.3,49.9,4.93,18.9,0.86,8.86,0.181,18.1,0.05,8.7,1909.3,54.3
2026-06-12 17:00,847.7,387.4,37.3,56.4,4.82,19.0,0.97,8.44,0.19,18.4,0.08,9.7,1808.6,43.0
2026-06-12 18:00,1077.6,332.0,32.6,48.9,9.5,19.0,0.97,8.92,0.182,18.4,0.05,10.4,1891.1,51.8
2026-06-12 19:00,1100.0,287.4,39.0,60.9,5.78,19.4,0.95,8.74,0.179,18.6,0.07,10.4,1974.3,51.9
2026-06-12 20:00,1009.8,433.5,36.6,54.5,5.58,18.8,0.94,9.44,0.196,18.2,0.05,8.4,1918.4,52.5
2026-06-12 21:00,972.0,379.1,28.8,49.0,7.72,16.9,0.93,9.68,0.163,16.0,0.08,7.9,1983.5,46.7
2026-06-12 22:00,864.6,367.7,41.4,59.4,5.38,18.7,0.88,10.18,0.185,17.6,0.08,6.7,1853.5,51.2
2026-06-12 23:00,800.9,370.3,38.3,60.9,5.41,19.3,0.98,9.81,0.193,18.2,0.07,8.6,1800.1,47.3
2026-06-13 00:00,839.4,264.5,35.4,54.9,4.97,18.6,0.98,9.64,0.191,18.0,0.09,7.7,1768.7,53.0
2026-06-13 01:00,516.9,412.0,36.6,57.0,4.47,18.8,0.95,9.84,0.188,18.0,0.04,10.2,1690.5,39.9
2026-06-13 02:00,693.7,354.3,33.2,53.2,4.68,18.3,0.97,9.74,0.201,17.3,0.05,8.8,1705.3,55.6
2026-06-13 03:00,916.4,295.7,34.8,51.7,5.45,17.6,0.96,9.19,0.195,17.0,0.08,8.7,1916.4,54.1
2026-06-13 04:00,774.5,326.2,36.4,57.4,5.01,19.3,0.95,9.81,0.198,18.6,0.04,8.2,1816.4,44.6
2026-06-13 05:00,679.4,387.0,36.8,54.6,3.18,18.1,0.92,9.46,0.205,17.2,0.09,7.3,1735.7,48.4
2026-06-13 06:00,789.3,477.8,24.6,46.6,6.2,18.0,0.94,9.75,0.205,17.3,0.08,9.4,1874.1,55.3
2026-06-13 07:00,809.0,365.2,34.5,54.4,5.39,19.9,0.9,9.36,0.19,19.0,0.04,8.8,1742.0,50.9
2026-06-13 08:00,683.3,359.4,36.5,58.2,7.82,19.3,0.95,9.08,0.197,18.5,0.06,6.9,1729.4,50.5
2026-06-13 09:00,789.6,344.4,32.0,54.0,4.92,18.7,0.99,10.07,0.19,18.2,0.08,8.2,1848.1,48.0
2026-06-13 10:00,808.4,361.5,38.8,57.1,5.5,19.0,0.91,9.38,0.19,18.0,0.08,8.6,1902.2,52.5
2026-06-13 11:00,818.7,347.4,28.1,45.4,4.75,18.5,1.0,9.1,0.189,17.6,0.04,7.3,1850.7,45.6
2026-06-13 12:00,916.7,289.5,30.5,46.1,4.93,18.4,0.97,9.35,0.187,17.7,0.06,8.8,1885.6,48.6
2026-06-13 13:00,810.7,389.5,41.5,59.0,5.53,19.4,0.89,8.79,0.201,18.3,0.06,7.8,1847.3,50.0
2026-06-13 14:00,872.1,325.8,35.5,54.3,4.57,18.5,0.95,9.79,0.187,17.7,0.09,9.9,1823.0,47.7
2026-06-13 15:00,1014.9,565.1,35.1,51.8,4.33,18.5,0.95,9.43,0.197,18.1,0.07,9.6,1949.2,56.0
2026-06-13 16:00,860.2,409.3,41.4,64.6,3.48,20.1,0.92,8.86,0.207,19.5,0.06,9.5,1798.6,53.5
2026-06-13 17:00,845.9,331.9,35.1,55.8,5.64,17.9,0.94,8.91,0.188,17.2,0.06,9.6,1837.1,44.5
2026-06-13 18:00,944.1,351.4,32.2,52.3,3.51,17.9,0.94,9.27,0.183,17.5,0.08,10.9,1933.2,49.9
2026-06-13 19:00,1039.0,470.7,34.4,51.8,5.11,17.7,0.93,8.79,0.194,17.1,0.05,8.7,1918.0,60.6
2026-06-13 20:00,889.5,334.7,30.4,53.7,6.26,19.1,0.87,9.4,0.175,18.6,0.05,8.3,1818.4,48.6
2026-06-13 21:00,835.2,314.2,34.8,56.4,4.93,17.6,0.92,9.07,0.176,16.9,0.06,9.3,1885.2,47.0
2026-06-13 22:00,791.1,440.1,26.1,45.8,3.82,16.9,0.83,9.63,0.177,16.3,0.08,10.3,1880.6,50.1
2026-06-13 23:00,742.5,379.1,35.3,54.9,5.27,17.6,0.86,8.79,0.174,17.2,0.06,9.5,1821.2,47.2
2026-06-14 00:00,843.3,299.2,30.8,58.4,4.65,16.4,0.85,9.05,0.182,16.0,0.08,8.3,1828.9,49.0
2026-06-14 01:00,536.8,384.0,32.4,66.0,4.39,15.8,0.85,8.81,0.177,15.5,0.04,9.7,1747.3,39.7
2026-06-14 02:00,696.5,323.9,34.5,55.8,4.91,17.2,0.88,8.95,0.18,16.7,0.08,8.5,1787.8,43.5
2026-06-14 03:00,828.6,424.2,38.1,54.7,4.88,17.6,0.89,8.34,0.155,16.9,0.05,11.3,1813.7,47.0
2026-06-14 04:00,782.5,367.3,37.4,59.8,5.11,17.9,0.81,8.75,0.165,17.0,0.03,13.7,1799.1,42.3
2026-06-14 05:00,596.8,416.2,33.5,53.9,4.97,16.9,0.83,8.44,0.172,16.1,0.06,12.9,1713.5,47.3
2026-06-14 06:00,728.2,395.3,34.1,51.9,3.66,16.6,0.8,8.5,0.17,16.0,0.07,11.0,1806.0,43.5
2026-06-14 07:00,763.1,364.1,35.3,56.2,5.67,16.4,0.82,8.08,0.161,16.0,0.06,13.9,1793.5,45.1
2026-06-14 08:00,742.5,332.4,36.1,59.2,5.03,16.7,0.8,8.8,0.167,16.1,0.06,12.4,1783.7,45.6
2026-06-14 09:00,782.7,333.3,34.4,55.6,4.54,17.2,0.72,7.74,0.138,16.3,0.08,13.4,1808.9,41.2
2026-06-14 10:00,763.4,372.5,39.9,59.5,4.48,15.8,0.82,8.57,0.159,15.1,0.08,12.1,1768.4,46.1
2026-06-14 11:00,742.0,350.3,36.8,56.0,4.68,15.9,0.77,8.02,0.16,15.3,0.04,12.5,1808.2,43.5
2026-06-14 12:00,813.3,375.5,34.8,53.1,5.04,15.7,0.78,8.47,0.163,15.1,0.07,12.5,1885.8,43.5
2026-06-14 13:00,874.2,343.0,30.6,51.6,5.18,15.1,0.79,8.02,0.141,14.6,0.06,13.8,1906.9,50.1
2026-06-14 14:00,801.3,319.3,33.7,52.9,5.1,16.8,0.88,7.57,0.152,16.3,0.05,12.8,1836.7,46.7
2026-06-14 15:00,1077.3,390.2,32.5,52.1,5.56,16.6,0.74,7.08,0.153,16.1,0.07,13.8,1937.6,46.1
2026-06-14 16:00,792.8,378.1,38.7,54.2,8.9,15.3,0.69,7.59,0.145,14.6,0.09,16.5,1812.2,45.9
2026-06-14 17:00,785.2,348.7,34.7,58.3,3.69,15.3,0.75,7.83,0.157,14.9,0.07,15.4,1834.1,42.5
2026-06-14 18:00,979.2,338.1,35.7,58.7,5.92,15.9,0.8,6.81,0.163,15.3,0.03,19.2,1883.8,47.9
2026-06-14 19:00,1064.0,317.4,34.2,57.6,5.45,14.8,0.71,7.33,0.15,14.1,0.05,16.9,1897.2,46.2
2026-06-14 20:00,898.2,373.0,38.8,59.9,5.21,15.7,0.77,8.15,0.154,15.0,0.08,15.9,1894.6,47.7
2026-06-14 21:00,773.3,362.9,41.7,63.0,4.77,15.9,0.77,7.72,0.164,15.1,0.08,16.7,1790.3,44.8
2026-06-14 22:00,801.5,410.6,36.0,56.1,5.73,15.4,0.83,7.79,0.15,14.5,0.07,19.0,1816.1,43.7
2026-06-14 23:00,736.5,447.6,31.9,53.3,3.94,15.6,0.72,7.73,0.161,14.9,0.04,18.1,1814.0,41.8
2026-06-15 00:00,796.5,354.5,36.9,54.5,4.99,16.1,0.74,7.6,0.166,15.5,0.07,18.5,1829.7,48.5
2026-06-15 01:00,565.1,342.4,38.4,60.8,3.88,16.1,0.73,7.88,0.159,15.5,0.07,18.7,1711.7,35.3
2026-06-15 02:00,767.7,370.0,20.3,40.9,6.0,17.1,0.78,7.49,0.159,16.6,0.08,17.1,1819.4,48.8
2026-06-15 03:00,911.3,301.8,31.5,50.7,4.78,15.2,0.8,8.1,0.148,14.8,0.04,18.1,1832.2,45.6
2026-06-15 04:00,798.2,370.9,37.0,53.6,5.31,15.3,0.78,8.4,0.181,14.5,0.07,19.4,1771.0,47.2
2026-06-15 05:00,708.5,340.8,22.6,43.5,4.84,14.9,0.72,8.09,0.159,14.3,0.08,21.3,1794.4,41.2
2026-06-15 06:00,934.4,307.4,30.6,48.3,9.02,16.8,0.87,7.62,0.16,16.4,0.06,18.6,1840.3,46.7
2026-06-15 07:00,906.2,408.9,39.8,63.3,3.63,17.1,0.81,8.12,0.162,16.3,0.05,20.9,1868.8,52.9
2026-06-15 08:00,786.4,325.9,32.7,53.8,4.6,17.3,0.83,7.92,0.159,16.5,0.03,22.2,1801.6,42.5
2026-06-15 09:00,871.4,359.0,41.9,62.3,5.51,17.0,0.8,8.47,0.162,16.6,0.03,23.4,1869.9,45.9
2026-06-15 10:00,827.4,393.6,38.8,57.7,4.66,15.6,0.9,8.33,0.157,15.1,0.04,22.3,1769.4,42.0
2026-06-15 11:00,839.3,402.1,34.5,55.5,4.88,18.6,0.84,8.6,0.185,18.2,0.08,23.0,1801.0,46.6
2026-06-15 12:00,902.6,361.2,28.6,47.6,4.33,17.6,0.88,9.12,0.154,16.8,0.07,21.6,1818.2,45.9
2026-06-15 13:00,826.3,321.8,31.4,50.1,5.4,15.9,0.93,8.37,0.179,15.4,0.04,23.2,1837.6,45.6
2026-06-15 14:00,733.0,345.5,35.7,53.3,6.21,18.0,0.86,8.43,0.18,17.5,0.07,22.6,1820.5,43.8
2026-06-15 15:00,1014.1,325.6,35.8,51.4,5.87,17.2,0.93,8.69,0.169,16.8,0.03,23.0,1915.1,47.9
2026-06-15 16:00,974.6,347.1,41.3,60.5,4.48,18.1,0.94,8.61,0.186,17.3,0.03,24.9,1924.6,51.1
2026-06-15 17:00,783.7,355.2,34.9,57.1,4.79,18.2,0.93,10.02,0.186,17.3,0.07,23.6,1793.1,40.7
2026-06-15 18:00,923.2,357.6,36.5,56.4,5.42,18.4,0.92,10.11,0.167,17.8,0.05,23.5,1847.4,47.5
2026-06-15 19:00,1100.0,332.4,41.7,60.5,4.17,17.1,0.94,8.95,0.193,16.6,0.03,25.9,1902.6,57.2
2026-06-15 20:00,881.5,320.6,36.9,59.5,5.58,17.5,0.95,9.35,0.162,16.8,0.07,26.0,1880.8,48.8
2026-06-15 21:00,781.7,301.4,32.7,56.4,5.45,18.9,0.95,8.3,0.175,18.0,0.03,26.8,1781.2,47.7
2026-06-15 22:00,892.4,411.7,38.2,55.4,4.31,20.1,0.97,9.16,0.178,19.6,0.03,24.0,1879.2,45.5
2026-06-15 23:00,792.6,339.1,34.0,51.5,5.26,20.4,0.93,9.26,0.195,19.9,0.04,23.7,1811.0,50.5
2026-06-16 00:00,807.9,349.1,30.1,51.4,5.52,19.8,0.95,9.24,0.189,19.2,0.04,27.0,1823.4,42.4
2026-06-16 01:00,558.3,410.6,38.3,60.9,5.07,19.1,1.02,10.01,0.203,18.0,0.09,23.1,1654.0,50.1
2026-06-16 02:00,699.7,337.5,35.7,55.5,5.26,18.9,0.91,9.88,0.195,17.9,0.08,25.7,1823.1,46.3
2026-06-16 03:00,944.7,386.6,33.0,70.0,4.68,17.9,0.88,9.59,0.176,17.3,0.06,25.6,1959.4,51.2
2026-06-16 04:00,844.1,246.3,30.3,52.1,5.09,20.2,0.89,9.76,0.189,19.8,0.07,24.2,1778.7,47.9
2026-06-16 05:00,637.6,373.8,28.1,48.9,4.92,18.4,0.94,10.54,0.189,17.5,0.05,26.0,1760.1,43.0
2026-06-16 06:00,909.1,287.0,56.5,75.5,5.17,19.3,0.96,9.98,0.177,18.2,0.07,27.1,1749.3,48.8
2026-06-16 07:00,878.6,309.5,32.1,55.0,4.15,19.7,0.91,9.8,0.188,18.7,0.04,26.6,1763.8,49.2
2026-06-16 08:00,747.3,353.8,30.6,48.8,4.38,18.4,0.94,9.31,0.194,17.5,0.06,28.0,1755.6,49.2
2026-06-16 09:00,878.5,410.8,31.8,54.4,4.85,18.5,0.93,9.46,0.19,17.6,0.08,27.5,1804.8,52.5
2026-06-16 10:00,870.9,388.2,33.8,50.1,5.28,18.7,0.91,9.01,0.198,17.8,0.07,25.7,1865.7,55.4
2026-06-16 11:00,914.3,337.4,35.3,55.8,4.91,18.8,0.99,9.7,0.197,18.1,0.03,26.7,1884.9,56.2
2026-06-16 12:00,1007.6,315.6,35.5,54.4,4.68,18.5,0.87,8.97,0.188,18.1,0.07,29.0,1907.2,51.3
2026-06-16 13:00,794.7,299.8,32.8,52.5,6.19,18.3,0.89,9.54,0.182,17.4,0.07,25.6,1809.3,42.2
2026-06-16 14:00,832.1,353.2,30.5,47.5,4.4,18.8,0.87,10.02,0.195,17.9,0.07,27.2,1860.6,50.7
2026-06-16 15:00,958.3,330.4,32.1,53.7,4.06,19.2,0.85,9.73,0.186,18.2,0.05,29.0,1800.2,49.5
2026-06-16 16:00,921.4,335.4,33.3,50.4,5.35,18.5,0.86,8.83,0.185,18.0,0.07,28.9,1885.8,50.4
2026-06-16 17:00,814.8,307.6,32.9,54.9,5.86,16.2,0.88,9.05,0.192,15.7,0.06,28.7,1873.9,51.8
2026-06-16 18:00,964.6,393.9,60.2,80.9,4.33,18.2,0.92,9.32,0.171,17.7,0.04,27.9,1894.3,46.3
2026-06-16 19:00,1056.8,279.1,36.5,55.8,4.64,16.3,0.96,8.93,0.186,15.4,0.06,27.7,1893.3,53.0
2026-06-16 20:00,856.7,305.5,28.2,48.5,4.52,18.2,0.9,8.57,0.161,17.8,0.06,28.5,1837.1,45.8
2026-06-16 21:00,781.9,406.6,34.3,53.9,4.4,19.3,0.91,9.76,0.179,18.3,0.05,26.6,1788.9,48.7
2026-06-16 22:00,842.6,364.6,34.1,52.0,4.82,17.1,0.89,8.65,0.165,16.6,0.04,27.0,1795.4,46.6
2026-06-16 23:00,809.1,285.8,38.5,63.0,4.46,17.9,0.84,8.97,0.176,17.4,0.06,27.5,1826.0,48.8
2026-06-17 00:00,818.2,354.5,33.5,53.3,4.58,16.8,0.82,8.33,0.166,16.2,0.09,28.3,1804.9,46.9
2026-06-17 01:00,581.3,374.6,37.1,57.7,5.86,17.2,0.91,7.72,0.166,16.6,0.05,27.1,1765.7,41.4
2026-06-17 02:00,719.4,324.2,36.4,54.7,4.65,17.7,0.92,8.62,0.163,16.9,0.03,28.5,1786.2,41.5
2026-06-17 03:00,871.2,377.8,35.0,53.5,5.38,18.1,0.88,8.08,0.184,17.4,0.05,28.0,1824.1,46.0
2026-06-17 04:00,746.2,309.7,41.4,58.5,3.84,16.9,0.85,8.22,0.164,16.0,0.09,28.8,1828.8,43.2
2026-06-17 05:00,643.8,368.3,37.2,57.2,5.84,16.6,0.8,8.74,0.168,16.0,0.05,27.3,1780.2,42.4
2026-06-17 06:00,885.4,398.1,36.0,57.2,5.34,16.4,0.76,8.94,0.166,16.0,0.04,27.1,1796.4,46.1
2026-06-17 07:00,854.8,363.2,42.0,64.1,4.91,15.8,0.8,8.46,0.153,15.0,0.06,27.0,1871.1,45.9
2026-06-17 08:00,818.3,391.5,27.9,47.4,4.97,15.0,0.78,8.43,0.165,14.4,0.09,26.6,1786.4,41.6
2026-06-17 09:00,877.3,346.0,28.3,50.2,4.85,17.0,0.76,8.23,0.158,16.1,0.03,25.5,1876.6,48.9
2026-06-17 10:00,761.3,396.7,39.0,61.1,5.23,16.1,0.85,7.7,0.146,15.3,0.06,25.2,1776.6,42.8
2026-06-17 11:00,847.9,325.7,34.2,53.3,4.91,15.6,0.76,7.75,0.157,14.8,0.08,27.1,1878.7,52.4
2026-06-17 12:00,839.0,377.8,34.1,53.2,4.52,16.2,0.88,7.62,0.142,15.7,0.05,27.3,1858.6,49.4
2026-06-17 13:00,810.9,374.8,33.9,54.3,4.7,16.3,0.78,7.53,0.145,15.7,0.07,27.1,1821.4,46.3
2026-06-17 14:00,793.4,315.6,37.3,57.9,4.6,15.6,0.84,7.51,0.15,14.8,0.07,23.5,1782.6,46.9
2026-06-17 15:00,1004.1,307.1,32.3,50.2,5.3,16.2,0.82,7.69,0.156,15.3,0.06,26.2,1877.1,49.9
2026-06-17 16:00,874.8,358.8,27.4,49.6,5.53,14.2,0.7,7.32,0.149,13.7,0.07,27.3,1832.5,47.6
2026-06-17 17:00,736.3,270.5,34.9,56.2,6.08,15.2,0.79,8.41,0.161,14.4,0.07,25.5,1842.9,44.1
2026-06-17 18:00,875.5,391.8,39.0,52.7,5.14,15.8,0.69,8.04,0.173,15.2,0.07,24.1,1878.0,49.3
2026-06-17 19:00,1027.7,329.2,36.5,54.6,5.29,15.0,0.66,6.93,0.152,14.5,0.06,25.7,1897.1,48.6
2026-06-17 20:00,876.3,383.1,35.6,54.0,4.8,14.9,0.76,7.84,0.151,14.6,0.03,24.4,1896.7,42.6
2026-06-17 21:00,825.7,405.9,36.1,56.4,4.66,13.4,0.79,8.27,0.155,12.9,0.08,22.3,1872.8,47.7
2026-06-17 22:00,924.7,375.3,33.4,57.0,4.76,15.1,0.75,7.24,0.152,14.6,0.03,23.9,1835.2,45.0
2026-06-17 23:00,818.4,335.4,33.7,54.9,6.06,16.1,0.73,7.95,0.144,15.7,0.07,24.1,1771.0,51.9
2026-06-18 00:00,743.3,347.2,33.3,50.6,5.35,16.5,0.74,8.33,0.174,16.1,0.07,23.3,1805.1,46.2
2026-06-18 01:00,513.6,406.7,32.2,49.6,4.95,14.0,0.84,8.35,0.147,13.6,0.05,21.5,1725.4,41.0
2026-06-18 02:00,719.5,319.5,35.7,57.8,7.04,15.3,0.79,8.0,0.166,14.8,0.04,22.2,1768.4,48.0
2026-06-18 03:00,872.8,280.4,37.6,60.7,4.22,16.3,0.78,8.47,0.171,15.4,0.05,20.0,1864.2,46.1
2026-06-18 04:00,725.7,375.9,41.5,58.5,5.24,16.4,0.84,7.91,0.151,15.6,0.08,21.6,1852.1,44.7
2026-06-18 05:00,645.3,257.9,36.8,55.4,4.69,17.1,0.86,8.41,0.165,16.5,0.06,20.6,1753.5,42.1
2026-06-18 06:00,756.5,329.1,40.2,61.1,5.42,15.7,0.83,8.23,0.162,15.3,0.08,20.4,1765.1,46.2
2026-06-18 07:00,851.0,313.7,30.4,47.9,5.8,17.3,0.78,8.53,0.162,16.2,0.06,19.1,1755.2,45.1
2026-06-18 08:00,739.6,364.7,34.0,55.2,5.24,15.4,0.82,8.81,0.178,14.7,0.07,18.5,1820.3,49.9
2026-06-18 09:00,825.7,389.7,33.2,53.9,9.62,16.7,0.9,9.1,0.162,16.1,0.07,19.1,1836.0,47.0
2026-06-18 10:00,788.2,323.2,30.0,49.4,4.27,17.1,0.81,8.08,0.149,16.1,0.06,18.6,1790.9,42.3
2026-06-18 11:00,885.7,383.1,50.6,72.9,5.75,16.6,0.85,8.95,0.16,15.7,0.05,18.7,1836.0,43.6
2026-06-18 12:00,958.1,441.9,29.9,49.8,5.42,16.7,0.89,8.44,0.173,15.8,0.09,17.9,1830.9,46.8
2026-06-18 13:00,786.9,752.6,34.3,55.2,4.94,17.3,0.83,8.42,0.171,16.7,0.05,18.5,1760.9,47.4
2026-06-18 14:00,800.0,299.2,36.8,56.2,4.23,17.8,0.88,8.41,0.184,17.2,0.03,17.1,1861.3,45.3
2026-06-18 15:00,1065.6,362.1,30.2,47.2,4.64,16.6,0.84,9.2,0.178,16.0,0.03,15.8,1992.3,48.0
2026-06-18 16:00,906.8,222.1,34.6,54.5,3.48,18.2,0.86,8.84,0.177,17.6,0.08,14.6,1883.8,48.8
2026-06-18 17:00,805.5,268.2,38.0,57.6,5.52,18.5,0.94,8.59,0.177,17.7,0.06,14.2,1821.5,46.8
2026-06-18 18:00,1016.0,392.8,35.2,52.2,5.14,18.0,0.86,9.34,0.174,17.0,0.05,14.3,1907.9,46.9
2026-06-18 19:00,1080.0,365.4,48.4,69.9,4.66,18.9,0.89,9.51,0.179,18.0,0.08,14.9,1904.9,53.4
2026-06-18 20:00,801.4,332.0,35.8,56.1,4.71,19.4,0.85,9.42,0.19,18.7,0.08,14.8,1774.6,45.0
2026-06-18 21:00,898.5,318.6,32.5,54.5,5.53,19.4,0.99,8.75,0.174,18.4,0.06,13.4,1861.0,47.6
2026-06-18 22:00,822.4,411.0,41.8,60.1,4.14,18.2,0.87,9.1,0.171,17.7,0.07,14.9,1839.1,48.5
2026-06-18 23:00,815.3,370.7,40.9,61.8,5.24,20.1,0.9,9.09,0.181,19.3,0.04,16.9,1796.6,50.3
2026-06-19 00:00,724.9,328.5,37.1,56.8,5.29,20.0,0.91,9.02,0.16,19.1,0.08,11.9,1784.5,43.5
2026-06-19 01:00,583.1,428.1,33.3,52.4,5.15,20.0,0.95,9.48,0.186,18.8,0.04,11.8,1716.5,44.1
2026-06-19 02:00,692.2,323.0,30.9,49.2,4.52,18.7,0.92,9.79,0.185,17.8,0.05,14.0,1747.0,47.3
2026-06-19 03:00,947.5,405.3,38.0,56.4,5.41,18.5,0.94,9.6,0.204,17.9,0.05,13.2,1808.9,53.4
2026-06-19 04:00,678.3,332.2,40.2,57.1,5.4,19.2,0.87,9.64,0.182,18.4,0.06,13.4,1751.5,44.0
2026-06-19 05:00,630.0,581.8,36.8,55.8,6.32,20.6,0.9,9.54,0.183,19.9,0.05,12.3,1734.1,44.3
2026-06-19 06:00,797.8,380.9,38.7,54.5,4.5,18.5,0.98,9.24,0.21,17.9,0.07,12.2,1829.5,53.5
2026-06-19 07:00,869.9,387.6,36.8,55.0,4.52,18.3,1.0,10.11,0.195,17.9,0.06,11.6,1884.1,53.4
2026-06-19 08:00,689.6,337.4,34.0,54.6,4.37,19.3,0.9,9.66,0.194,18.8,0.09,10.4,1874.7,52.6
2026-06-19 09:00,856.9,338.9,32.1,47.5,4.12,19.0,0.97,9.29,0.189,18.5,0.04,9.6,1860.3,49.1
2026-06-19 10:00,790.9,315.3,35.4,57.8,5.07,18.3,0.94,9.5,0.199,17.5,0.06,10.8,1762.8,53.9
2026-06-19 11:00,815.7,298.9,40.9,64.3,5.96,18.6,0.89,9.64,0.188,17.7,0.05,9.6,1885.3,45.7
2026-06-19 12:00,948.4,324.2,33.9,52.3,4.22,18.5,0.91,9.69,0.197,17.4,0.03,11.1,1858.6,53.5
2026-06-19 13:00,793.3,315.9,31.0,51.7,5.58,19.2,0.95,9.81,0.168,18.5,0.05,11.2,1831.9,43.1
2026-06-19 14:00,822.8,356.5,41.6,61.5,5.44,19.0,0.95,9.9,0.187,18.5,0.05,10.3,1837.1,47.6
2026-06-19 15:00,1050.4,282.8,29.7,51.6,5.68,17.6,0.97,8.33,0.215,16.7,0.04,7.3,1929.6,58.1
2026-06-19 16:00,895.4,392.9,37.2,56.8,5.03,19.2,0.99,9.39,0.191,18.8,0.09,11.6,1827.2,54.5
2026-06-19 17:00,766.0,304.3,31.0,50.9,4.47,19.2,0.91,8.41,0.175,18.7,0.04,10.7,1796.0,45.6
2026-06-19 18:00,907.0,351.9,37.3,53.8,4.81,17.0,0.85,9.11,0.177,16.5,0.04,8.2,1848.8,46.8
2026-06-19 19:00,1065.7,402.3,33.7,56.5,4.8,19.5,0.96,8.75,0.193,18.6,0.09,9.3,1953.6,59.6
2026-06-19 20:00,840.3,395.8,25.3,47.6,5.08,17.8,0.9,8.67,0.177,17.4,0.04,9.3,1785.8,45.4
2026-06-19 21:00,801.7,405.1,28.7,47.6,5.07,19.5,0.9,9.14,0.163,18.9,0.04,9.4,1883.1,44.9
2026-06-19 22:00,888.0,393.0,34.5,56.1,5.4,17.3,0.91,8.49,0.183,16.7,0.05,11.0,1940.5,47.1
2026-06-19 23:00,786.4,290.7,40.7,60.0,5.33,17.2,0.85,8.58,0.161,16.5,0.08,8.8,1844.2,47.9
2026-06-20 00:00,660.2,340.8,33.6,55.7,4.33,17.7,0.84,8.82,0.174,16.9,0.08,7.2,1706.9,42.4
2026-06-20 01:00,467.9,250.4,40.4,61.4,5.48,16.8,0.85,8.9,0.187,16.4,0.08,8.5,1649.2,37.7
2026-06-20 02:00,656.1,359.2,28.7,50.5,4.53,16.8,0.8,8.45,0.183,16.1,0.06,6.3,1837.9,45.9
2026-06-20 03:00,762.4,268.0,38.7,60.2,4.08,16.3,0.89,7.8,0.175,15.9,0.08,7.8,1735.4,46.0
2026-06-20 04:00,656.9,369.0,38.4,57.4,4.73,16.8,0.77,8.68,0.167,16.4,0.05,5.7,1735.5,44.5
2026-06-20 05:00,596.9,296.0,30.0,49.8,4.98,15.8,0.87,8.78,0.17,15.1,0.08,7.6,1645.0,42.9
2026-06-20 06:00,727.2,345.7,35.8,58.8,3.8,16.3,0.76,8.22,0.171,15.6,0.04,7.0,1802.5,45.5
2026-06-20 07:00,777.2,321.7,55.0,74.8,4.68,15.0,0.78,8.31,0.168,14.4,0.06,6.4,1801.2,45.9
2026-06-20 08:00,651.2,329.1,36.7,55.4,5.36,15.4,0.83,7.76,0.172,14.7,0.03,6.9,1744.7,43.2
2026-06-20 09:00,779.7,313.1,32.1,50.2,4.63,16.4,0.76,6.82,0.164,16.0,0.07,7.6,1808.9,42.6
2026-06-20 10:00,714.2,296.1,36.1,55.8,4.77,16.0,0.78,7.85,0.161,15.2,0.06,8.3,1723.7,41.3
2026-06-20 11:00,744.9,301.9,35.7,54.3,5.74,15.4,0.87,8.05,0.163,15.0,0.05,8.0,1806.6,48.1
2026-06-20 12:00,774.3,285.9,42.2,62.1,5.77,16.0,0.74,8.32,0.168,15.2,0.08,8.9,1820.9,43.0
2026-06-20 13:00,771.6,338.8,35.8,53.4,5.82,15.7,0.75,7.31,0.151,14.8,0.05,7.6,1799.6,44.7
2026-06-20 14:00,732.5,355.8,44.2,63.5,4.16,14.4,0.7,8.08,0.143,14.0,0.06,8.9,1746.7,42.8
2026-06-20 15:00,912.3,301.8,33.7,55.0,4.33,14.6,0.82,7.96,0.161,13.8,0.08,8.4,1818.9,49.0
2026-06-20 16:00,819.5,404.5,28.8,45.1,4.37,16.6,0.7,7.89,0.157,16.1,0.07,8.3,1841.5,48.0
2026-06-20 17:00,678.6,290.6,43.9,65.8,5.15,15.1,0.77,7.46,0.144,14.6,0.06,9.0,1757.3,46.9
2026-06-20 18:00,863.7,326.0,28.5,45.1,4.76,15.7,0.76,8.07,0.142,14.9,0.09,10.2,1847.0,49.1
2026-06-20 19:00,1009.8,297.4,40.0,60.3,5.41,15.3,0.82,8.26,0.158,14.9,0.08,8.8,1838.8,54.9
2026-06-20 20:00,837.9,318.4,36.3,50.0,4.72,17.1,0.78,7.74,0.16,16.5,0.08,9.8,1847.2,46.2
2026-06-20 21:00,685.2,344.1,33.4,52.1,5.16,15.2,0.69,7.86,0.149,14.5,0.07,9.7,1690.3,44.7
2026-06-20 22:00,723.6,319.4,24.6,46.0,6.04,16.5,0.8,7.72,0.141,16.1,0.07,9.3,1871.3,45.1
2026-06-20 23:00,704.8,307.7,33.5,55.8,8.75,16.4,0.79,8.23,0.149,15.5,0.06,9.7,1706.4,45.8
2026-06-21 00:00,712.5,368.6,31.5,52.9,5.42,15.9,0.66,8.05,0.166,15.4,0.08,10.8,1776.5,50.2
2026-06-21 01:00,519.7,350.3,34.5,55.5,5.28,15.5,0.82,8.28,0.157,15.1,0.07,9.8,1707.4,38.2
2026-06-21 02:00,635.4,296.3,28.9,49.2,5.49,14.6,0.82,8.25,0.156,14.1,0.07,11.3,1783.6,44.3
2026-06-21 03:00,798.6,349.5,29.0,50.8,4.47,16.9,0.76,6.97,0.168,16.1,0.07,10.2,1871.3,44.6
2026-06-21 04:00,664.1,245.8,31.5,52.0,4.04,16.7,0.86,8.23,0.167,15.8,0.08,11.0,1784.7,39.5
2026-06-21 05:00,575.7,358.6,41.5,61.1,5.33,16.1,0.73,8.68,0.166,15.6,0.05,11.3,1632.2,38.8
2026-06-21 06:00,738.4,403.7,32.9,52.0,4.76,14.8,0.85,7.97,0.171,14.3,0.08,10.3,1838.3,43.3
2026-06-21 07:00,753.4,350.3,32.7,52.4,3.91,17.1,0.81,7.77,0.165,16.4,0.05,11.2,1774.2,48.4
2026-06-21 08:00,705.4,370.1,28.7,46.6,5.47,15.7,0.8,8.73,0.164,15.1,0.06,12.3,1700.5,47.6
2026-06-21 09:00,768.5,401.9,34.5,57.1,5.1,18.2,0.82,7.26,0.168,17.2,0.05,10.5,1848.0,43.3
2026-06-21 10:00,715.1,335.4,36.7,57.6,4.02,17.9,0.87,8.31,0.162,17.3,0.08,12.3,1772.5,47.8
2026-06-21 11:00,724.4,306.3,31.1,47.4,5.31,16.1,0.82,9.23,0.17,15.4,0.07,13.0,1788.8,44.0
2026-06-21 12:00,821.4,347.0,35.7,57.0,5.75,15.7,0.84,8.61,0.164,15.3,0.09,13.1,1777.9,46.5
2026-06-21 13:00,762.5,428.8,35.9,54.4,6.82,17.9,0.81,8.78,0.201,17.3,0.04,14.2,1853.1,53.4
2026-06-21 14:00,747.7,311.9,36.7,56.8,4.42,17.9,0.89,8.77,0.178,17.2,0.05,14.9,1824.0,45.1
2026-06-21 15:00,873.8,396.4,40.8,63.2,4.3,18.6,0.87,8.87,0.173,18.1,0.06,16.2,1831.2,50.0
2026-06-21 16:00,793.2,349.9,38.8,58.9,4.04,18.5,0.96,9.51,0.187,17.5,0.05,16.4,1759.2,45.6
2026-06-21 17:00,729.5,365.0,37.4,57.0,7.73,17.7,0.83,8.1,0.186,17.0,0.05,15.5,1751.2,48.4
2026-06-21 18:00,859.8,318.8,29.0,48.4,5.02,18.3,0.92,8.69,0.182,17.5,0.06,15.1,1878.4,49.3
2026-06-21 19:00,1050.2,327.8,43.6,62.7,3.64,18.4,1.0,9.43,0.194,17.5,0.06,16.6,1893.8,53.6
2026-06-21 20:00,785.8,402.5,36.7,55.3,4.71,17.8,0.84,9.3,0.176,17.4,0.09,17.8,1867.3,43.7
2026-06-21 21:00,781.6,348.2,35.8,54.5,5.12,18.7,0.89,9.0,0.176,18.2,0.07,17.2,1795.2,44.4
2026-06-21 22:00,733.5,284.3,68.3,88.2,4.84,18.4,0.89,8.47,0.181,17.4,0.06,17.4,1774.5,43.0
2026-06-21 23:00,696.3,354.8,42.2,62.4,4.04,18.6,0.89,9.17,0.186,17.8,0.08,18.7,1780.8,46.7
2026-06-22 00:00,782.6,349.1,33.8,56.7,5.72,19.6,0.9,9.4,0.199,18.8,0.08,16.4,1907.4,55.1
2026-06-22 01:00,507.9,350.6,42.0,64.7,5.14,18.5,0.91,9.69,0.188,18.1,0.09,17.3,1652.9,37.1
2026-06-22 02:00,676.5,253.1,36.4,55.4,4.76,19.1,0.9,10.01,0.194,18.0,0.07,18.2,1762.0,50.8
2026-06-22 03:00,776.7,275.9,27.1,46.3,5.64,20.7,0.91,9.09,0.2,19.5,0.05,17.9,1837.1,53.4
2026-06-22 04:00,720.9,401.3,35.5,55.1,4.01,18.3,0.95,9.88,0.188,17.8,0.06,18.3,1744.1,44.6
2026-06-22 05:00,673.2,356.4,31.8,50.2,7.54,19.2,1.04,9.26,0.203,18.1,0.08,22.8,1855.9,54.5
2026-06-22 06:00,863.1,274.8,57.1,77.5,4.95,20.5,0.96,9.27,0.2,19.5,0.07,20.1,1828.5,57.9
2026-06-22 07:00,783.1,316.0,37.2,57.5,5.91,18.9,1.0,10.12,0.189,18.4,0.06,22.4,1744.2,44.8
2026-06-22 08:00,699.0,478.0,37.0,53.7,6.13,18.8,0.99,9.13,0.174,17.8,0.03,21.2,1808.2,44.7
2026-06-22 09:00,730.3,374.9,28.0,46.4,5.76,19.3,1.01,10.51,0.192,18.1,0.08,23.3,1795.0,52.3
2026-06-22 10:00,888.3,323.4,37.9,57.9,5.17,20.7,0.89,9.41,0.193,19.5,0.03,22.7,1843.3,51.9
2026-06-22 11:00,729.6,398.2,27.9,48.0,5.94,19.2,0.96,9.23,0.18,18.8,0.04,20.8,1823.6,46.4
2026-06-22 12:00,876.6,284.0,32.7,52.0,4.88,16.6,0.96,9.82,0.19,15.7,0.08,23.1,1868.0,45.2
2026-06-22 13:00,795.3,342.5,37.2,54.5,5.04,19.9,0.95,9.15,0.172,19.0,0.06,23.4,1843.8,45.3
2026-06-22 14:00,776.1,356.9,26.9,47.3,4.72,18.2,0.92,8.97,0.179,17.2,0.06,23.6,1771.4,43.6
2026-06-22 15:00,969.3,404.5,38.9,60.7,5.24,17.7,0.98,9.49,0.173,16.6,0.09,25.8,1850.8,45.7
2026-06-22 16:00,934.0,293.9,33.6,54.6,4.48,19.8,0.97,9.08,0.179,19.2,0.06,24.0,1946.5,50.6
2026-06-22 17:00,744.0,366.1,32.9,53.8,4.01,17.7,0.98,8.38,0.19,17.2,0.06,23.6,1735.9,51.0
2026-06-22 18:00,913.8,362.6,35.9,55.1,11.18,18.5,0.95,8.59,0.193,17.9,0.05,25.4,1791.1,54.6
2026-06-22 19:00,1035.9,355.9,33.1,55.2,6.37,18.0,0.87,9.6,0.175,17.1,0.08,23.9,1935.7,52.5
2026-06-22 20:00,919.2,386.3,38.6,58.6,5.21,17.5,0.84,8.82,0.184,16.6,0.03,24.8,1882.2,52.3
2026-06-22 21:00,764.1,394.0,36.5,58.8,4.22,18.2,0.9,8.57,0.17,17.7,0.07,24.4,1872.0,46.2
2026-06-22 22:00,741.7,394.6,30.8,52.7,4.8,16.7,0.84,9.05,0.179,16.1,0.05,25.7,1673.2,45.5
2026-06-22 23:00,688.7,378.8,36.5,58.5,4.67,17.0,0.84,9.01,0.165,16.5,0.04,28.4,1715.4,43.2
2026-06-23 00:00,820.6,334.9,30.9,52.0,4.4,16.4,0.91,8.29,0.177,15.9,0.04,26.5,1834.0,48.8
2026-06-23 01:00,530.7,409.9,35.5,54.2,6.18,17.3,0.85,8.6,0.171,16.4,0.08,28.2,1704.1,40.0
2026-06-23 02:00,677.6,384.8,38.0,56.4,4.46,16.9,0.95,8.0,0.172,16.0,0.04,26.3,1756.4,41.8
2026-06-23 03:00,824.4,352.8,39.7,60.7,4.67,16.0,0.84,8.59,0.177,15.4,0.06,26.4,1762.8,44.3
2026-06-23 04:00,724.5,332.9,35.8,55.5,5.45,17.8,0.82,7.86,0.167,17.1,0.09,25.9,1791.9,43.4
2026-06-23 05:00,629.5,407.1,43.3,61.6,4.73,16.9,0.87,8.07,0.157,16.0,0.04,25.9,1751.8,41.2
2026-06-23 06:00,844.7,338.3,35.6,52.4,5.86,17.3,0.83,7.82,0.17,16.4,0.05,26.3,1845.3,47.2
2026-06-23 07:00,770.4,376.2,34.6,52.5,8.31,15.9,0.79,8.0,0.17,15.5,0.05,28.2,1754.5,43.3
2026-06-23 08:00,728.2,364.2,36.9,57.8,4.95,16.7,0.77,8.84,0.16,16.4,0.04,25.5,1788.6,44.5
2026-06-23 09:00,793.9,321.9,37.6,55.4,4.92,17.0,0.78,7.97,0.159,16.3,0.09,28.6,1815.8,45.5
2026-06-23 10:00,769.4,344.4,37.0,60.5,4.08,15.9,0.75,9.08,0.164,15.5,0.05,26.3,1842.1,42.2
2026-06-23 11:00,884.1,349.5,30.6,49.8,7.23,17.3,0.8,7.57,0.153,17.0,0.08,28.7,1849.8,47.5
2026-06-23 12:00,865.5,378.6,43.7,62.7,4.86,16.0,0.82,8.02,0.151,15.6,0.08,27.2,1812.7,47.2
2026-06-23 13:00,832.5,601.2,37.7,56.9,5.1,16.0,0.8,7.74,0.147,15.1,0.03,27.9,1859.7,48.3
2026-06-23 14:00,773.0,262.6,38.2,57.1,4.31,14.1,0.79,6.72,0.149,13.4,0.04,27.6,1737.3,43.9
2026-06-23 15:00,982.3,355.4,37.1,56.1,5.32,15.2,0.79,7.49,0.164,14.3,0.08,26.7,1895.7,49.7
2026-06-23 16:00,897.9,333.2,30.9,49.7,5.33,16.5,0.71,7.82,0.171,16.0,0.03,27.5,1904.7,51.9
2026-06-23 17:00,831.9,385.8,36.8,54.5,4.52,14.5,0.76,7.82,0.158,13.7,0.03,26.7,1846.3,44.6
2026-06-23 18:00,876.8,325.6,32.1,50.5,4.28,16.1,0.78,7.77,0.145,15.5,0.07,28.0,1876.2,46.2
2026-06-23 19:00,1039.5,373.7,35.8,54.0,5.02,16.8,0.77,8.15,0.141,16.3,0.05,27.8,1863.3,51.4
2026-06-23 20:00,834.7,562.8,36.4,53.6,4.4,16.7,0.85,7.82,0.156,15.9,0.06,29.1,1822.9,48.2
2026-06-23 21:00,783.0,378.6,34.9,56.0,4.64,14.0,0.76,7.84,0.154,13.4,0.07,29.1,1839.1,43.0
2026-06-23 22:00,770.3,334.6,33.9,50.9,5.84,14.4,0.74,7.09,0.161,13.9,0.05,29.4,1770.6,48.2
2026-06-23 23:00,702.0,336.6,31.5,51.9,5.36,16.7,0.77,7.44,0.153,16.3,0.05,27.8,1785.4,47.4
2026-06-24 00:00,769.4,318.7,33.0,60.7,4.81,15.3,0.77,8.28,0.143,14.9,0.09,28.4,1821.1,42.1
2026-06-24 01:00,530.7,359.1,24.9,43.4,4.87,15.6,0.73,7.77,0.16,15.0,0.06,28.9,1756.1,41.1
2026-06-24 02:00,676.9,252.7,42.6,65.3,5.0,16.2,0.78,8.33,0.155,15.4,0.04,26.0,1773.2,47.2
2026-06-24 03:00,788.0,306.7,33.9,54.1,4.5,15.6,0.9,7.99,0.174,14.9,0.04,29.4,1755.2,43.7
2026-06-24 04:00,725.5,433.4,38.5,55.3,3.96,15.7,0.73,7.87,0.158,15.1,0.06,27.2,1846.8,44.4
2026-06-24 05:00,614.8,342.6,38.5,59.3,5.12,16.1,0.85,8.33,0.166,15.8,0.05,25.7,1710.5,45.7
2026-06-24 06:00,845.8,340.9,33.5,50.7,4.19,16.0,0.76,8.58,0.172,15.7,0.07,25.5,1777.2,46.6
2026-06-24 07:00,747.3,316.7,38.0,60.5,4.29,15.7,0.79,8.19,0.161,15.2,0.06,25.7,1772.4,45.3
2026-06-24 08:00,725.9,430.2,28.0,47.7,5.59,15.3,0.79,8.85,0.166,14.6,0.08,29.0,1726.1,43.9
2026-06-24 09:00,775.7,314.2,31.7,53.5,5.36,15.8,0.78,8.63,0.161,15.0,0.05,26.1,1795.5,48.2
2026-06-24 10:00,766.1,393.3,38.8,59.0,5.46,17.6,0.83,8.83,0.171,16.6,0.08,25.1,1793.5,44.3
2026-06-24 11:00,843.7,319.2,34.0,57.1,5.19,17.4,0.87,7.85,0.181,16.9,0.08,26.1,1828.8,45.9
2026-06-24 12:00,808.6,393.6,46.3,64.3,4.94,17.9,0.91,8.5,0.153,16.9,0.03,27.0,1852.0,47.2
2026-06-24 13:00,755.6,351.3,37.8,65.8,4.52,17.2,0.85,8.5,0.188,16.4,0.05,25.2,1834.8,46.7
2026-06-24 14:00,836.8,364.3,37.4,57.0,4.9,16.5,0.85,9.28,0.183,15.6,0.05,24.3,1835.7,45.7
2026-06-24 15:00,971.2,388.7,36.1,55.1,5.0,19.7,0.94,8.64,0.169,18.9,0.07,24.9,1836.1,52.0
2026-06-24 16:00,953.8,332.7,28.6,51.3,4.62,18.7,0.87,8.92,0.179,18.1,0.03,25.1,1850.4,47.7
2026-06-24 17:00,774.0,408.6,36.8,59.1,4.24,19.8,0.84,8.47,0.188,18.8,0.03,25.7,1805.5,48.5
2026-06-24 18:00,909.9,342.3,35.9,55.2,5.64,19.1,0.94,8.62,0.188,18.6,0.08,24.4,1829.1,47.3
2026-06-24 19:00,1100.0,334.2,53.6,77.3,5.04,17.3,0.85,8.78,0.172,16.7,0.04,25.2,1969.7,47.7
2026-06-24 20:00,959.7,376.6,37.2,58.5,4.57,17.3,0.89,9.6,0.167,16.8,0.07,23.9,1789.6,51.1
2026-06-24 21:00,803.8,313.2,30.2,50.9,4.65,17.9,0.87,8.73,0.181,17.1,0.09,25.1,1787.2,44.5
2026-06-24 22:00,808.7,323.8,32.8,52.0,5.05,18.5,0.86,8.66,0.176,17.7,0.08,22.3,1761.9,48.8
2026-06-24 23:00,814.9,398.0,36.9,59.7,4.66,18.6,0.94,10.14,0.185,18.1,0.07,23.8,1795.8,47.7
2026-06-25 00:00,778.7,345.4,39.7,56.9,5.1,18.5,0.92,10.18,0.183,18.0,0.08,23.1,1780.8,48.2
2026-06-25 01:00,534.2,333.9,51.4,71.5,4.85,18.8,0.86,9.05,0.197,17.6,0.05,22.6,1788.5,47.9
2026-06-25 02:00,697.0,372.5,38.9,63.0,5.23,20.2,0.93,9.86,0.188,19.5,0.06,20.1,1778.7,41.5
2026-06-25 03:00,820.8,273.1,41.2,62.7,5.19,18.5,0.88,9.77,0.193,17.8,0.05,20.4,1902.2,51.1
2026-06-25 04:00,746.6,594.3,31.6,51.6,3.75,19.9,0.93,9.67,0.196,19.3,0.05,24.1,1890.0,53.6
2026-06-25 05:00,679.8,371.0,29.3,48.0,6.09,19.0,0.92,9.29,0.183,18.1,0.05,20.5,1844.4,42.6
2026-06-25 06:00,865.5,296.2,34.9,57.6,4.17,19.4,0.94,9.76,0.192,18.4,0.04,21.0,1920.9,55.5
2026-06-25 07:00,854.2,344.8,34.5,49.1,5.65,17.4,0.93,9.48,0.183,16.9,0.09,18.6,1835.5,50.4
2026-06-25 08:00,703.8,325.1,27.6,44.2,6.62,17.5,1.0,9.48,0.186,16.5,0.04,19.2,1870.0,47.1
2026-06-25 09:00,736.6,257.4,33.4,56.8,5.06,18.7,1.0,9.32,0.186,17.7,0.06,18.9,1728.6,41.7
2026-06-25 10:00,817.6,330.8,36.9,58.8,5.03,19.6,1.0,9.93,0.182,18.4,0.07,18.5,1807.3,50.9
2026-06-25 11:00,818.5,343.3,41.9,61.7,5.95,18.3,0.89,9.05,0.173,17.5,0.03,18.2,1854.3,46.6
2026-06-25 12:00,952.3,371.5,34.0,52.0,4.09,18.5,0.92,9.7,0.189,17.8,0.04,16.6,1886.1,52.0
2026-06-25 13:00,783.9,393.9,62.2,79.9,4.54,19.4,0.92,9.31,0.204,18.4,0.07,16.9,1728.6,56.4
2026-06-25 14:00,786.2,369.4,31.8,53.5,5.14,19.3,0.91,10.02,0.189,18.2,0.03,18.0,1835.9,45.8
2026-06-25 15:00,927.2,317.3,30.0,52.4,6.27,18.8,0.93,8.81,0.172,18.4,0.05,17.3,1881.1,50.1
2026-06-25 16:00,846.0,303.2,34.5,54.7,5.05,18.4,0.84,8.97,0.19,17.4,0.05,17.8,1805.7,47.7
2026-06-25 17:00,760.8,302.6,31.2,53.7,4.48,17.9,0.92,9.7,0.183,17.3,0.06,15.6,1832.1,44.5
2026-06-25 18:00,923.1,394.2,28.4,47.3,4.76,18.4,0.89,9.89,0.187,17.9,0.04,16.3,1824.9,52.4
2026-06-25 19:00,1086.2,402.9,33.5,52.8,4.99,16.9,0.85,9.45,0.188,16.1,0.06,13.1,1949.9,53.0
2026-06-25 20:00,900.2,356.2,38.7,57.5,5.21,17.3,0.9,8.81,0.184,16.4,0.04,16.1,1923.0,44.0
2026-06-25 21:00,823.9,513.5,31.8,48.6,4.67,18.5,0.88,8.82,0.181,17.4,0.09,14.1,1810.2,45.8
2026-06-25 22:00,786.3,364.9,65.1,80.4,4.29,16.8,0.88,9.51,0.191,16.4,0.09,13.8,1767.3,51.6
2026-06-25 23:00,813.3,457.5,25.5,44.4,4.83,18.7,0.8,9.36,0.167,18.0,0.04,16.7,1801.2,46.5
2026-06-26 00:00,792.9,325.7,35.5,59.0,6.1,17.3,0.91,8.35,0.165,16.9,0.05,15.0,1840.0,44.8
2026-06-26 01:00,504.2,345.8,57.8,77.5,4.56,17.5,0.85,8.43,0.177,17.1,0.07,14.3,1713.0,38.4
2026-06-26 02:00,681.2,312.2,74.8,94.0,4.63,15.5,0.87,7.92,0.171,14.6,0.05,12.9,1778.6,44.9
2026-06-26 03:00,869.4,391.7,31.0,52.3,5.15,18.6,0.83,7.66,0.174,18.1,0.08,13.5,1912.6,51.8
2026-06-26 04:00,740.4,384.5,38.1,57.6,4.65,16.1,0.83,8.34,0.168,15.6,0.08,13.2,1814.6,46.5
2026-06-26 05:00,629.2,330.9,34.2,52.4,5.28,16.4,0.78,8.3,0.154,16.1,0.04,11.3,1733.4,42.9
2026-06-26 06:00,812.4,383.3,34.2,53.3,4.65,18.4,0.77,8.19,0.163,17.9,0.08,11.6,1865.2,50.1
2026-06-26 07:00,751.0,372.7,31.7,53.6,4.36,17.1,0.78,8.28,0.153,16.7,0.07,13.0,1874.2,44.0
2026-06-26 08:00,770.7,457.7,41.2,61.7,5.83,15.1,0.82,7.81,0.171,14.5,0.06,10.9,1793.2,44.1
2026-06-26 09:00,804.2,424.1,33.8,52.2,5.4,15.6,0.81,7.5,0.159,14.7,0.04,10.7,1869.2,48.3
2026-06-26 10:00,767.4,324.6,25.9,43.2,4.66,16.3,0.76,8.08,0.156,15.4,0.07,11.0,1833.6,44.5
2026-06-26 11:00,807.0,417.0,36.2,58.8,4.6,15.6,0.79,7.89,0.163,15.1,0.08,11.1,1841.8,44.3
2026-06-26 12:00,816.5,300.7,33.0,51.0,5.01,15.6,0.84,7.68,0.143,14.7,0.07,11.5,1881.4,49.5
2026-06-26 13:00,706.9,373.3,32.4,46.4,4.89,16.0,0.8,7.05,0.158,15.2,0.04,10.5,1808.1,42.3
2026-06-26 14:00,845.8,335.0,41.9,63.6,4.88,17.3,0.79,7.83,0.17,16.6,0.05,8.4,1815.5,49.5
2026-06-26 15:00,1012.7,383.2,35.1,53.2,4.76,17.6,0.74,7.74,0.157,16.6,0.09,9.1,1882.8,52.0
2026-06-26 16:00,909.6,402.4,33.3,52.0,5.13,15.5,0.73,7.22,0.167,14.9,0.08,9.7,1857.0,50.2
2026-06-26 17:00,779.2,254.6,42.8,60.9,4.87,15.9,0.73,7.87,0.164,15.4,0.05,10.1,1770.2,45.6
2026-06-26 18:00,990.2,271.6,42.0,61.5,4.2,15.6,0.75,7.45,0.141,15.0,0.06,10.5,1888.2,50.0
2026-06-26 19:00,1089.1,430.6,37.2,55.3,5.45,15.6,0.75,8.36,0.154,14.9,0.09,8.4,1979.0,47.3
2026-06-26 20:00,891.3,258.6,28.7,48.0,5.15,14.9,0.82,7.74,0.146,14.2,0.08,8.0,1883.1,51.7
2026-06-26 21:00,780.8,331.7,32.3,49.9,4.77,16.2,0.81,7.86,0.166,15.6,0.06,7.7,1779.9,46.6
2026-06-26 22:00,842.2,402.5,27.1,48.4,4.78,17.6,0.69,7.91,0.164,16.8,0.08,8.1,1829.0,45.1
2026-06-26 23:00,777.9,393.5,30.0,50.6,5.27,17.0,0.69,7.62,0.154,16.2,0.04,9.2,1738.5,48.0
2026-06-27 00:00,719.6,406.9,24.4,42.7,5.12,16.1,0.75,7.97,0.139,15.5,0.03,7.6,1762.1,41.5
2026-06-27 01:00,492.4,338.8,38.3,58.9,10.34,15.3,0.77,8.33,0.143,14.7,0.03,6.4,1727.5,38.7
2026-06-27 02:00,629.5,333.3,37.3,57.2,10.37,17.2,0.75,8.28,0.158,16.8,0.03,10.0,1728.8,44.6
2026-06-27 03:00,744.0,316.7,36.7,58.1,5.02,15.7,0.78,8.0,0.15,15.3,0.09,5.8,1797.8,45.9
2026-06-27 04:00,720.5,325.2,35.3,57.6,5.09,15.1,0.85,8.77,0.179,14.6,0.07,7.9,1812.0,44.7
2026-06-27 05:00,625.5,193.8,29.6,50.3,5.14,16.6,0.72,7.59,0.159,16.2,0.05,8.4,1674.9,45.7
2026-06-27 06:00,772.3,358.8,36.5,59.1,4.85,16.8,0.85,8.26,0.157,16.4,0.07,11.3,1841.8,49.0
2026-06-27 07:00,765.3,316.5,37.9,64.1,5.01,16.7,0.84,7.87,0.157,16.2,0.04,7.8,1846.9,46.5
2026-06-27 08:00,682.4,374.4,40.4,58.7,4.55,14.9,0.81,7.98,0.17,14.5,0.09,8.1,1804.7,45.4
2026-06-27 09:00,728.8,400.0,34.5,58.6,5.15,18.1,0.81,8.46,0.18,17.6,0.05,9.1,1737.2,46.9
2026-06-27 10:00,735.7,349.0,34.9,52.4,4.81,17.6,0.93,7.68,0.169,17.0,0.04,9.0,1881.5,44.3
2026-06-27 11:00,720.6,379.2,37.0,53.1,4.86,17.6,0.86,8.51,0.165,17.0,0.08,7.7,1798.9,46.0
2026-06-27 12:00,864.4,348.3,36.2,56.0,5.35,18.0,0.85,8.25,0.178,17.1,0.05,7.8,1832.5,46.0
2026-06-27 13:00,708.3,334.9,30.3,50.8,5.42,18.0,0.9,8.98,0.16,17.3,0.04,5.4,1750.7,44.5
2026-06-27 14:00,726.3,295.1,26.8,42.8,4.26,18.3,0.9,8.53,0.187,17.7,0.03,7.0,1852.3,41.2
2026-06-27 15:00,952.8,340.7,38.0,55.0,5.1,18.1,0.91,8.84,0.176,17.7,0.07,8.5,1852.4,45.5
2026-06-27 16:00,803.3,360.3,33.9,50.2,4.77,17.8,0.85,8.75,0.186,17.0,0.09,8.1,1797.7,45.9
2026-06-27 17:00,734.2,372.1,35.3,55.6,5.68,17.3,0.89,9.59,0.177,16.8,0.08,9.0,1770.6,47.1
2026-06-27 18:00,838.4,312.6,34.5,56.5,4.62,20.1,0.92,8.95,0.171,19.0,0.06,10.7,1888.5,46.7
2026-06-27 19:00,981.4,336.8,32.1,51.3,4.98,18.1,0.88,9.5,0.158,17.2,0.09,8.8,1871.6,51.7
2026-06-27 20:00,875.3,391.6,41.3,61.3,5.13,18.6,0.96,8.94,0.187,17.6,0.05,7.7,1933.3,46.2
2026-06-27 21:00,728.0,351.6,40.7,62.6,5.38,19.0,0.97,9.01,0.176,18.2,0.06,11.2,1782.2,42.9
2026-06-27 22:00,795.2,346.2,35.3,53.8,4.45,18.0,0.88,9.97,0.186,17.1,0.08,10.7,1730.8,50.4
2026-06-27 23:00,730.4,384.5,34.4,50.7,5.41,16.7,0.98,9.52,0.192,15.9,0.06,11.1,1730.5,52.8
2026-06-28 00:00,696.4,392.6,38.6,57.1,4.67,19.6,0.96,9.55,0.193,18.7,0.07,11.7,1699.5,47.7
2026-06-28 01:00,472.7,397.2,40.2,60.6,5.01,17.8,1.04,9.44,0.184,17.1,0.04,11.6,1746.3,37.8
2026-06-28 02:00,640.8,362.0,36.3,55.3,4.61,19.6,0.92,9.55,0.186,19.2,0.03,11.2,1725.9,43.8
2026-06-28 03:00,745.4,316.1,39.5,61.0,5.51,18.6,0.96,9.36,0.204,17.6,0.06,9.3,1807.5,47.1
2026-06-28 04:00,735.7,385.1,39.7,60.7,4.7,19.5,1.01,9.36,0.216,18.9,0.03,12.2,1814.6,46.5
2026-06-28 05:00,591.5,296.9,33.3,56.5,5.42,20.5,0.95,9.73,0.191,19.7,0.07,9.2,1705.8,49.5
2026-06-28 06:00,750.6,335.6,35.8,58.4,5.58,18.6,0.9,9.58,0.194,17.7,0.05,9.8,1846.6,52.2
2026-06-28 07:00,781.0,351.8,32.0,50.7,4.6,19.9,0.97,9.25,0.197,19.1,0.05,9.6,1847.9,54.5
2026-06-28 08:00,757.8,370.5,72.8,89.9,4.79,18.3,0.9,10.04,0.184,17.4,0.09,10.3,1813.5,51.3
2026-06-28 09:00,774.5,420.3,35.4,57.5,4.1,20.7,1.01,9.63,0.205,20.0,0.06,11.3,1764.1,48.4
2026-06-28 10:00,709.6,289.6,34.0,54.3,4.87,18.4,0.99,9.75,0.189,17.7,0.08,13.4,1797.1,45.0
2026-06-28 11:00,729.5,346.4,36.1,55.1,5.04,17.8,0.96,9.02,0.193,17.2,0.09,12.3,1812.7,49.4
2026-06-28 12:00,856.5,388.6,33.0,52.2,5.37,19.0,0.89,9.45,0.189,18.3,0.06,12.2,1842.5,45.1
2026-06-28 13:00,757.1,398.5,29.8,47.7,4.75,19.4,1.02,9.4,0.182,18.8,0.03,14.4,1777.4,46.2
2026-06-28 14:00,774.9,322.6,33.9,51.3,4.62,18.0,1.01,9.6,0.172,17.0,0.03,13.8,1839.5,46.6
2026-06-28 15:00,934.3,405.0,39.1,60.0,4.47,19.3,0.91,9.72,0.196,18.8,0.06,15.4,1930.9,52.8
2026-06-28 16:00,768.7,394.2,42.2,63.8,4.61,16.8,0.98,10.1,0.19,16.2,0.08,14.1,1821.9,48.9
2026-06-28 17:00,710.3,317.7,32.4,54.0,4.83,19.4,0.92,8.68,0.185,18.5,0.05,14.8,1776.2,41.5
2026-06-28 18:00,861.6,379.2,43.7,66.5,5.75,19.3,0.86,9.39,0.185,18.1,0.04,15.5,1827.6,43.4
2026-06-28 19:00,1037.8,345.3,28.2,46.4,5.82,18.0,0.91,9.16,0.18,17.3,0.03,15.4,1902.2,52.1
2026-06-28 20:00,781.3,332.1,32.5,55.7,5.82,18.4,0.98,9.01,0.18,17.8,0.05,15.6,1846.6,44.2
2026-06-28 21:00,764.8,350.3,35.7,57.0,3.85,17.5,0.94,9.63,0.178,16.8,0.08,17.8,1744.3,44.5
2026-06-28 22:00,781.9,317.3,33.5,54.8,5.47,17.4,0.9,8.4,0.192,16.9,0.05,17.1,1815.4,51.0
2026-06-28 23:00,671.1,326.6,38.5,60.7,5.25,17.8,0.82,8.82,0.179,16.8,0.08,15.8,1709.4,41.4
2026-06-29 00:00,833.8,345.4,25.9,44.1,3.96,18.0,0.86,9.0,0.18,17.1,0.07,19.4,1836.9,47.9
2026-06-29 01:00,554.5,288.8,36.6,56.8,4.76,18.3,0.86,8.04,0.16,17.5,0.08,20.2,1687.0,42.6
2026-06-29 02:00,671.3,401.0,30.8,51.5,5.38,17.6,0.93,9.22,0.182,17.0,0.08,18.7,1735.2,38.1
2026-06-29 03:00,816.0,439.8,39.5,55.5,4.82,17.5,0.8,8.89,0.167,16.8,0.09,21.1,1884.4,48.8
2026-06-29 04:00,748.4,386.3,35.8,54.3,5.19,18.4,0.78,8.4,0.166,17.9,0.08,19.7,1809.6,42.0
2026-06-29 05:00,674.5,337.5,40.9,57.8,5.4,16.1,0.84,7.68,0.163,15.4,0.03,19.3,1808.7,41.8
2026-06-29 06:00,802.6,314.0,34.5,55.4,4.83,16.4,0.89,8.22,0.166,16.0,0.04,19.1,1731.9,45.9
2026-06-29 07:00,862.6,313.7,38.1,58.3,5.75,16.7,0.86,8.47,0.174,15.9,0.03,18.3,1794.7,44.5
2026-06-29 08:00,789.9,337.3,48.0,67.4,4.54,14.4,0.81,8.29,0.163,13.9,0.04,21.2,1801.4,41.5
2026-06-29 09:00,858.5,327.2,32.9,52.9,5.37,15.4,0.81,7.74,0.154,15.0,0.05,23.3,1755.4,46.8
2026-06-29 10:00,800.2,297.2,33.1,52.7,5.25,16.3,0.75,8.41,0.155,15.8,0.05,20.5,1759.2,47.2
2026-06-29 11:00,870.8,329.1,34.4,56.1,4.82,16.5,0.83,7.71,0.148,16.1,0.07,21.5,1877.8,44.3
2026-06-29 12:00,861.2,329.6,38.2,59.6,4.67,15.4,0.78,8.09,0.16,15.0,0.09,22.4,1791.8,47.4
2026-06-29 13:00,886.0,327.0,36.5,56.8,4.9,16.8,0.67,7.72,0.155,16.3,0.03,23.0,1845.5,46.7
2026-06-29 14:00,829.2,342.2,26.9,44.1,5.26,14.8,0.79,7.83,0.16,14.4,0.04,22.8,1814.6,50.5
2026-06-29 15:00,1051.5,339.7,42.3,62.8,4.19,14.7,0.8,8.37,0.157,14.2,0.05,24.3,1977.4,54.4
2026-06-29 16:00,901.2,359.3,39.8,57.7,5.35,15.0,0.75,7.97,0.164,14.7,0.06,23.5,1873.0,46.4
2026-06-29 17:00,736.5,388.9,39.1,58.1,4.98,15.0,0.8,7.76,0.152,14.4,0.05,24.9,1776.1,42.8
2026-06-29 18:00,960.6,410.1,36.3,58.2,4.8,16.2,0.76,8.59,0.154,15.6,0.04,23.8,1820.4,43.8
2026-06-29 19:00,1100.0,193.8,30.0,51.3,5.41,16.2,0.82,7.23,0.147,15.8,0.07,22.4,1947.2,49.8
2026-06-29 20:00,907.9,326.5,36.1,53.8,5.1,15.8,0.78,7.6,0.136,15.0,0.05,24.5,1894.4,47.8
2026-06-29 21:00,759.4,304.5,35.6,55.7,4.29,14.8,0.71,8.3,0.16,14.4,0.04,24.7,1767.4,43.7
2026-06-29 22:00,793.1,329.5,33.9,53.7,5.32,14.6,0.83,7.82,0.153,13.8,0.08,23.8,1809.3,49.3
2026-06-29 23:00,764.2,331.2,39.7,60.4,5.2,16.1,0.79,8.56,0.142,15.8,0.06,24.4,1866.9,45.9
2026-06-30 00:00,812.6,343.7,29.2,50.2,6.1,15.3,0.72,7.74,0.145,14.5,0.07,25.2,1770.7,46.0
2026-06-30 01:00,551.1,304.1,39.7,58.9,4.61,15.6,0.72,7.55,0.161,15.2,0.04,26.0,1733.6,40.2
2026-06-30 02:00,656.8,400.4,31.1,44.7,5.33,15.2,0.77,7.27,0.171,14.6,0.07,25.2,1829.7,40.5
2026-06-30 03:00,936.1,383.5,37.1,58.1,5.55,14.6,0.82,7.25,0.162,13.9,0.04,26.7,1887.7,48.4
2026-06-30 04:00,741.8,409.9,33.1,55.0,4.93,15.5,0.8,8.27,0.178,15.0,0.07,24.7,1777.0,45.1
2026-06-30 05:00,682.3,389.7,36.6,55.1,5.09,17.1,0.74,7.93,0.151,16.5,0.05,28.4,1776.2,43.5
2026-06-30 06:00,842.7,349.4,36.0,59.5,4.65,16.6,0.83,7.32,0.159,15.9,0.08,25.7,1819.8,48.8
2026-06-30 07:00,811.4,340.9,40.1,59.7,6.29,15.8,0.92,8.51,0.161,15.4,0.07,29.5,1852.4,48.5
2026-06-30 08:00,816.2,338.6,37.2,57.7,4.55,15.8,0.83,9.0,0.153,15.1,0.03,28.2,1818.3,44.1
2026-06-30 09:00,794.6,362.8,35.4,56.8,3.7,17.4,0.77,8.31,0.175,17.0,0.05,27.4,1767.7,46.8
2026-06-30 10:00,915.4,358.5,33.1,58.9,5.28,18.0,0.93,8.12,0.176,17.6,0.05,27.6,1859.6,45.2
2026-06-30 11:00,767.3,381.5,39.8,63.1,5.86,16.7,0.8,8.27,0.182,16.2,0.08,27.4,1823.2,48.7
2026-06-30 12:00,943.6,379.3,33.1,51.2,5.96,17.0,0.82,8.56,0.182,16.0,0.08,27.8,1851.1,49.5
2026-06-30 13:00,829.7,333.5,31.3,55.1,4.77,17.6,0.86,8.71,0.171,16.9,0.06,28.5,1882.1,44.6
2026-06-30 14:00,791.0,309.9,37.3,56.3,6.09,17.6,0.94,9.05,0.17,17.1,0.07,28.7,1865.6,49.6
2026-06-30 15:00,1046.1,419.2,39.7,61.5,4.44,16.4,0.94,8.86,0.181,15.8,0.04,27.0,1930.4,49.2
2026-06-30 16:00,990.1,334.9,35.2,55.2,5.21,18.9,0.87,9.64,0.187,17.9,0.07,27.1,1900.8,49.7
2026-06-30 17:00,821.3,546.7,37.9,59.2,5.31,18.3,0.91,9.57,0.18,17.9,0.09,29.1,1828.9,48.3
2026-06-30 18:00,1033.0,399.2,32.2,48.8,4.92,16.4,0.93,8.47,0.181,16.0,0.08,30.9,1886.0,47.2
2026-06-30 19:00,1100.0,369.4,34.0,55.4,5.18,18.5,0.88,8.5,0.191,17.6,0.07,28.5,1876.8,56.0
2026-06-30 20:00,929.7,442.7,33.1,53.4,4.91,18.5,0.93,9.61,0.182,17.5,0.07,27.6,1877.8,47.9
2026-06-30 21:00,907.7,354.9,43.2,65.4,5.13,18.8,0.96,9.33,0.192,18.2,0.05,28.1,1899.7,52.7
2026-06-30 22:00,767.4,406.2,34.0,53.1,5.44,17.7,0.91,8.76,0.193,16.8,0.08,28.5,1797.4,52.4
2026-06-30 23:00,751.0,386.1,32.8,51.5,4.83,18.5,0.96,9.37,0.192,17.9,0.05,29.0,1826.7,51.3
2026-07-01 00:00,757.9,339.2,32.2,51.1,5.04,19.0,0.97,9.29,0.182,18.3,0.07,26.9,1787.6,49.5
2026-07-01 01:00,546.8,337.5,32.2,53.9,5.47,18.3,0.92,8.81,0.194,17.7,0.04,30.6,1707.7,45.8
2026-07-01 02:00,672.2,356.7,35.9,57.9,5.47,19.7,0.91,9.51,0.209,18.6,0.04,28.1,1763.0,46.7
2026-07-01 03:00,810.3,408.6,27.8,50.1,5.79,19.6,0.94,9.11,0.186,18.9,0.08,28.6,1811.3,48.8
2026-07-01 04:00,767.7,342.4,38.1,60.0,4.21,19.4,0.97,8.87,0.197,19.0,0.05,27.0,1805.5,54.4
2026-07-01 05:00,720.0,360.3,34.6,49.0,5.6,19.2,0.89,9.08,0.209,18.7,0.09,26.2,1766.0,49.4
2026-07-01 06:00,868.3,289.0,32.4,49.6,8.58,18.9,0.92,9.81,0.176,18.5,0.03,26.8,1802.8,46.7
2026-07-01 07:00,878.0,336.1,36.4,55.7,4.73,19.4,0.97,8.98,0.183,18.5,0.06,26.8,1846.5,50.8
2026-07-01 08:00,869.5,316.7,38.8,61.4,4.65,19.8,0.97,9.29,0.189,19.0,0.06,25.3,1873.9,49.1
2026-07-01 09:00,929.8,372.7,31.1,50.7,5.88,18.9,0.98,9.46,0.203,18.0,0.08,28.7,1878.9,58.6
2026-07-01 10:00,866.6,272.2,33.1,57.5,10.54,19.0,0.88,8.85,0.201,18.4,0.05,26.3,1858.7,52.7
2026-07-01 11:00,770.7,318.6,31.9,49.9,3.95,17.3,1.02,9.75,0.195,16.7,0.06,25.6,1798.3,51.9
2026-07-01 12:00,939.8,299.1,29.3,50.0,4.52,19.5,0.93,9.6,0.184,18.4,0.08,24.3,1922.4,54.6
2026-07-01 13:00,877.6,351.0,38.7,61.4,5.53,20.5,0.91,7.76,0.188,19.3,0.03,26.6,1885.9,48.7
2026-07-01 14:00,850.1,329.4,36.7,56.4,5.94,18.8,0.93,10.26,0.18,18.4,0.08,24.6,1877.7,46.6
2026-07-01 15:00,1004.4,304.2,34.6,51.3,5.87,16.9,0.87,8.87,0.173,16.3,0.05,22.5,1988.1,51.3
2026-07-01 16:00,1045.7,317.5,31.4,45.8,5.37,18.7,0.96,9.89,0.183,17.7,0.06,23.6,1955.8,56.2
2026-07-01 17:00,797.8,379.5,34.7,55.9,5.14,19.6,0.93,9.26,0.162,18.9,0.06,24.6,1797.5,49.8
2026-07-01 18:00,971.7,337.3,39.2,56.5,5.89,19.4,0.99,10.05,0.187,18.9,0.07,24.4,1848.1,50.4
2026-07-01 19:00,1088.3,338.2,39.4,59.4,4.1,18.4,0.93,9.42,0.194,17.3,0.03,22.8,1952.2,60.0
2026-07-01 20:00,948.5,306.1,41.4,61.4,5.59,18.6,0.93,9.12,0.182,17.5,0.05,24.9,1850.7,49.2
2026-07-01 21:00,860.6,387.1,39.4,61.3,4.34,18.4,0.93,9.47,0.18,17.7,0.05,22.1,1853.7,43.9
2026-07-01 22:00,811.6,401.1,38.1,61.0,5.5,16.2,0.89,8.78,0.169,15.2,0.04,21.9,1838.7,42.7
2026-07-01 23:00,727.4,273.5,36.6,56.2,5.54,18.1,0.92,8.35,0.176,17.1,0.08,23.9,1758.7,45.4
2026-07-02 00:00,751.4,323.0,32.7,49.8,4.84,17.3,0.85,9.04,0.19,16.8,0.09,21.7,1799.0,52.6
2026-07-02 01:00,587.7,376.8,34.5,54.3,10.4,16.5,0.97,8.28,0.169,16.0,0.08,21.4,1702.1,41.8
2026-07-02 02:00,766.4,367.1,38.6,56.8,4.12,17.2,0.91,8.4,0.166,16.2,0.04,22.7,1782.2,42.3
2026-07-02 03:00,980.4,346.2,30.7,52.1,4.24,16.0,0.82,8.43,0.175,15.2,0.06,23.4,1879.8,49.0
2026-07-02 04:00,782.9,313.6,34.6,55.6,5.28,15.6,0.9,8.45,0.169,14.8,0.07,19.5,1803.5,43.8
2026-07-02 05:00,764.4,361.1,30.6,48.3,4.3,17.0,0.82,7.63,0.145,16.6,0.05,20.5,1888.6,44.6
2026-07-02 06:00,834.0,398.7,31.7,49.3,5.15,16.6,0.81,7.33,0.171,15.7,0.08,18.9,1746.0,51.6
2026-07-02 07:00,920.7,304.9,37.7,56.0,5.57,15.9,0.83,8.72,0.167,15.3,0.06,19.9,1867.5,48.8
2026-07-02 08:00,763.6,322.8,33.2,50.7,4.61,15.2,0.81,8.14,0.151,14.7,0.08,20.1,1852.3,46.7
2026-07-02 09:00,855.5,328.1,31.3,51.4,4.41,16.2,0.83,8.15,0.171,15.4,0.03,17.0,1863.2,44.8
2026-07-02 10:00,847.7,352.2,29.2,51.0,4.81,14.3,0.79,8.17,0.16,14.0,0.08,19.3,1901.6,49.6
2026-07-02 11:00,876.9,348.7,34.7,53.1,2.89,17.1,0.78,7.51,0.152,16.2,0.08,17.4,1820.8,46.5
2026-07-02 12:00,970.7,389.1,36.4,54.0,4.4,14.5,0.82,7.6,0.158,13.6,0.08,17.9,1890.9,50.1
2026-07-02 13:00,916.7,343.4,41.9,64.7,5.84,15.5,0.77,7.06,0.171,14.8,0.09,17.4,1838.3,48.7
2026-07-02 14:00,916.0,315.3,29.9,68.2,4.79,14.1,0.78,7.34,0.153,13.5,0.08,18.2,1867.4,50.6
2026-07-02 15:00,1100.0,333.1,33.1,51.7,4.59,15.5,0.8,7.33,0.173,15.0,0.07,17.1,1950.0,54.6
2026-07-02 16:00,950.1,332.3,33.4,55.1,4.85,14.1,0.76,7.23,0.169,13.4,0.07,15.9,1849.0,48.0
2026-07-02 17:00,781.7,347.2,33.0,50.7,5.87,14.3,0.7,8.36,0.162,13.5,0.08,14.7,1849.5,42.1
2026-07-02 18:00,931.2,258.2,35.8,55.0,5.9,14.8,0.71,8.09,0.149,13.9,0.03,17.0,1831.8,47.1
2026-07-02 19:00,1100.0,362.7,34.1,54.1,4.96,15.0,0.69,7.97,0.158,14.3,0.03,15.8,1964.0,55.2
2026-07-02 20:00,941.3,467.8,38.5,56.9,5.14,14.4,0.71,8.0,0.145,13.6,0.03,12.7,1881.9,57.1
2026-07-02 21:00,841.7,382.3,36.3,55.1,4.78,14.8,0.73,7.64,0.162,14.3,0.07,13.2,1863.4,50.7
2026-07-02 22:00,837.0,369.9,36.5,57.6,4.66,17.9,0.76,7.92,0.167,17.4,0.08,14.6,1845.3,44.3
2026-07-02 23:00,769.6,378.2,40.9,60.6,4.59,15.5,0.73,7.42,0.151,14.8,0.09,15.1,1815.7,44.2
2026-07-03 00:00,794.3,281.0,29.6,48.9,4.64,16.0,0.79,7.69,0.164,15.5,0.05,12.9,1777.5,46.3
2026-07-03 01:00,581.9,359.8,32.2,57.2,4.78,15.4,0.8,7.99,0.154,14.9,0.09,13.1,1742.5,42.7
2026-07-03 02:00,692.8,355.2,31.0,49.3,4.35,15.3,0.76,7.52,0.149,14.7,0.08,12.6,1763.0,45.4
2026-07-03 03:00,927.0,360.3,39.7,59.4,4.15,16.7,0.81,7.84,0.152,16.0,0.09,12.8,1844.5,48.9
2026-07-03 04:00,764.6,377.5,29.6,49.8,5.07,15.5,0.81,8.19,0.166,15.0,0.09,14.1,1802.0,47.9
2026-07-03 05:00,685.2,358.6,34.7,55.9,4.7,16.4,0.83,8.89,0.174,15.6,0.05,12.3,1738.3,46.6
2026-07-03 06:00,820.5,341.3,32.5,47.5,4.92,15.9,0.8,8.21,0.162,15.4,0.05,13.1,1784.5,48.1
2026-07-03 07:00,862.5,330.3,34.6,53.9,5.66,16.8,0.82,7.77,0.165,15.9,0.07,10.8,1824.5,47.9
2026-07-03 08:00,773.9,343.7,41.2,61.0,4.32,15.1,0.81,8.68,0.157,14.5,0.08,11.1,1784.9,47.0
2026-07-03 09:00,982.0,393.0,34.4,52.6,4.61,16.8,0.78,8.13,0.179,16.4,0.07,9.9,1909.7,48.5
2026-07-03 10:00,761.2,405.2,36.5,53.9,5.19,16.7,0.89,8.02,0.173,16.3,0.07,10.8,1826.8,40.2
2026-07-03 11:00,878.6,323.1,40.3,62.6,5.55,17.2,0.84,8.27,0.178,16.3,0.04,10.4,1855.2,45.2
2026-07-03 12:00,965.5,278.3,36.5,54.3,5.49,18.7,0.95,9.14,0.162,18.2,0.07,13.0,1900.8,48.3
2026-07-03 13:00,875.8,295.8,36.2,55.7,5.49,17.2,0.87,8.63,0.164,16.3,0.04,9.6,1814.4,49.0
2026-07-03 14:00,873.0,301.4,43.6,64.1,5.05,18.3,0.89,8.34,0.189,17.8,0.07,7.1,1881.3,49.0
2026-07-03 15:00,1065.7,357.1,38.5,59.7,8.66,18.0,0.87,8.55,0.167,17.2,0.06,11.2,1972.0,52.2
2026-07-03 16:00,936.7,399.8,27.3,45.6,5.39,18.0,0.97,9.02,0.177,17.3,0.04,9.3,1897.0,49.3
2026-07-03 17:00,839.0,330.2,39.1,60.3,5.05,17.3,0.8,9.01,0.195,16.5,0.04,7.8,1814.4,56.8
2026-07-03 18:00,985.4,267.6,40.1,60.1,4.32,18.3,0.92,9.22,0.179,17.5,0.06,10.5,1854.9,49.6
2026-07-03 19:00,1100.0,307.2,32.9,55.4,3.72,19.7,0.87,8.59,0.166,19.1,0.05,9.3,1948.3,51.9
2026-07-03 20:00,897.8,406.0,36.8,56.6,3.84,19.1,0.94,9.8,0.19,18.0,0.05,7.7,1895.5,51.3
2026-07-03 21:00,852.7,393.7,30.4,50.5,9.63,17.7,0.92,9.81,0.182,17.3,0.05,9.2,1829.9,49.1
2026-07-03 22:00,920.8,396.0,32.4,52.4,5.09,17.5,0.95,8.89,0.2,17.0,0.08,8.2,1902.0,51.9
2026-07-03 23:00,838.9,350.8,30.7,47.5,5.41,17.0,0.94,9.72,0.19,16.2,0.04,9.9,1884.7,44.4
2026-07-04 00:00,775.8,321.1,37.1,56.8,5.82,19.7,0.99,9.81,0.201,18.8,0.08,8.6,1886.1,49.8
2026-07-04 01:00,548.6,342.6,32.7,53.4,4.9,19.9,0.95,9.31,0.175,18.8,0.05,6.1,1709.8,38.2
2026-07-04 02:00,682.4,365.6,37.6,56.2,4.94,19.1,1.04,9.43,0.205,18.7,0.06,9.7,1762.0,49.7
2026-07-04 03:00,817.7,345.9,42.9,62.9,4.31,19.2,0.88,9.35,0.196,18.5,0.04,7.2,1814.0,58.5
2026-07-04 04:00,697.3,363.3,38.3,57.7,5.05,17.9,0.98,9.01,0.196,17.0,0.07,8.9,1780.5,48.3
2026-07-04 05:00,651.3,589.4,38.2,57.2,5.49,18.3,0.99,9.65,0.194,17.8,0.05,6.1,1723.2,52.4
2026-07-04 06:00,782.7,272.9,41.8,62.8,5.21,19.1,0.98,9.84,0.185,18.2,0.04,7.9,1862.6,49.3
2026-07-04 07:00,777.4,287.7,40.5,61.3,5.03,19.5,0.96,9.03,0.187,18.6,0.08,9.6,1796.5,48.5
2026-07-04 08:00,798.6,392.3,34.3,53.5,5.11,19.6,0.98,9.54,0.202,18.9,0.03,7.5,1806.7,54.2
2026-07-04 09:00,868.0,337.5,30.1,53.9,4.98,18.8,0.92,9.58,0.179,18.1,0.04,7.4,1826.3,44.9
2026-07-04 10:00,776.5,376.1,35.3,58.9,3.79,20.3,0.86,9.35,0.188,19.6,0.08,8.5,1769.6,45.2
2026-07-04 11:00,841.7,365.9,38.2,61.6,4.99,19.4,0.98,8.79,0.188,18.8,0.04,11.5,1774.4,49.0
2026-07-04 12:00,875.8,299.6,41.5,60.0,4.15,18.0,0.96,9.52,0.197,17.3,0.09,9.9,1802.7,54.9
2026-07-04 13:00,839.7,268.0,26.3,43.9,4.0,18.5,0.94,9.12,0.176,17.4,0.06,9.7,1796.7,50.1
2026-07-04 14:00,813.7,273.3,34.3,56.8,5.09,19.5,0.98,9.57,0.183,18.6,0.08,9.9,1825.0,45.8
2026-07-04 15:00,1057.1,319.4,37.1,57.0,4.45,19.4,0.91,9.38,0.193,18.7,0.07,8.1,1902.4,59.3
2026-07-04 16:00,979.5,371.6,35.2,55.3,6.18,17.4,0.94,9.33,0.181,17.1,0.04,9.8,1897.7,53.6
2026-07-04 17:00,741.4,320.8,33.2,52.3,4.64,18.9,0.91,9.38,0.188,17.9,0.08,7.8,1762.3,44.3
2026-07-04 18:00,969.8,278.8,31.7,50.4,5.43,18.1,0.89,9.06,0.189,17.6,0.09,8.5,1883.2,48.5
2026-07-04 19:00,1013.9,371.1,31.2,50.8,4.99,18.2,0.87,9.28,0.18,17.7,0.04,9.6,1963.0,49.9
2026-07-04 20:00,847.2,379.8,27.4,48.0,5.86,17.7,0.89,9.54,0.184,17.1,0.05,9.4,1899.3,46.7
2026-07-04 21:00,859.1,370.1,33.0,52.1,5.75,17.0,0.86,9.51,0.19,16.3,0.08,9.1,1826.6,56.3
2026-07-04 22:00,831.0,264.0,28.8,50.9,5.61,16.9,0.83,8.41,0.163,16.1,0.06,8.2,1833.0,44.7
2026-07-04 23:00,744.0,333.6,31.1,50.0,5.08,18.5,0.92,8.65,0.179,17.9,0.08,10.8,1789.4,44.1
2026-07-05 00:00,750.8,328.9,31.8,50.1,6.04,17.2,0.85,8.17,0.177,16.2,0.04,9.1,1819.1,44.2
2026-07-05 01:00,589.9,397.1,38.3,57.8,5.43,18.5,0.88,8.58,0.174,17.5,0.09,10.1,1786.8,39.1
2026-07-05 02:00,694.8,319.7,42.5,63.7,4.22,18.1,0.81,8.34,0.173,17.2,0.07,12.9,1711.1,40.1
2026-07-05 03:00,837.4,378.8,24.4,39.9,4.52,17.5,0.85,7.93,0.166,17.0,0.05,11.0,1918.9,47.8
2026-07-05 04:00,769.2,425.0,41.9,63.7,4.79,16.8,0.81,8.1,0.172,16.1,0.08,13.4,1850.2,49.7
2026-07-05 05:00,632.4,316.6,32.8,47.9,4.59,14.4,0.86,8.01,0.157,13.9,0.06,13.6,1787.0,44.3
2026-07-05 06:00,870.7,295.7,34.2,54.4,5.15,16.9,0.81,7.8,0.169,16.4,0.08,9.0,1767.0,46.6
2026-07-05 07:00,835.4,532.2,34.1,53.6,10.52,15.1,0.77,8.16,0.173,14.5,0.09,10.8,1851.9,44.4
2026-07-05 08:00,715.9,312.7,24.7,45.0,5.11,15.6,0.8,8.3,0.15,15.2,0.04,11.4,1753.9,43.4
2026-07-05 09:00,853.6,345.9,32.6,53.2,5.12,17.6,0.81,7.4,0.16,16.9,0.06,13.2,1803.3,47.2
2026-07-05 10:00,820.2,453.6,38.8,60.2,4.21,16.4,0.82,8.32,0.151,15.6,0.08,12.5,1825.7,46.6
2026-07-05 11:00,802.7,402.1,37.2,59.3,5.51,15.6,0.8,7.7,0.158,15.0,0.09,15.2,1823.5,46.3
2026-07-05 12:00,868.8,337.1,30.7,49.3,4.38,17.0,0.7,8.11,0.159,16.3,0.05,13.4,1861.1,44.3
2026-07-05 13:00,835.3,431.1,39.0,57.7,5.06,15.3,0.8,7.84,0.138,14.7,0.04,15.6,1837.5,42.6
2026-07-05 14:00,748.7,325.2,37.2,54.0,5.01,16.9,0.81,8.34,0.162,16.3,0.08,16.3,1761.1,43.1
2026-07-05 15:00,1066.8,461.1,28.1,50.4,5.59,16.3,0.76,8.34,0.146,15.5,0.08,15.5,1930.3,52.5
2026-07-05 16:00,872.6,303.9,31.1,51.2,4.88,15.3,0.76,7.66,0.15,14.9,0.05,14.2,1878.9,46.2
2026-07-05 17:00,812.4,371.5,35.1,52.9,4.84,15.0,0.7,7.82,0.15,14.2,0.07,14.3,1801.9,47.6
2026-07-05 18:00,907.2,356.0,36.1,55.4,4.84,15.3,0.73,7.63,0.163,14.6,0.07,18.2,1827.5,46.3
2026-07-05 19:00,1100.0,351.4,40.7,62.2,5.88,13.1,0.78,8.17,0.143,12.5,0.08,16.6,1964.1,53.2
2026-07-05 20:00,862.6,349.9,43.9,66.3,5.96,15.6,0.76,7.37,0.161,15.2,0.04,18.8,1843.9,45.3
2026-07-05 21:00,823.4,416.0,42.3,62.4,5.15,15.5,0.7,7.12,0.157,14.7,0.07,15.9,1834.8,43.1
2026-07-05 22:00,867.3,430.3,37.3,59.2,4.67,15.5,0.79,7.44,0.146,14.8,0.03,16.7,1885.1,48.6
2026-07-05 23:00,815.3,304.3,30.7,51.2,4.72,14.8,0.78,8.17,0.156,14.4,0.04,19.6,1822.2,41.8
2026-07-06 00:00,789.9,425.2,31.3,51.0,5.04,17.3,0.88,8.26,0.154,16.6,0.08,18.6,1824.1,46.5
2026-07-06 01:00,601.8,390.4,35.2,54.0,4.42,16.9,0.8,7.61,0.168,16.1,0.06,19.3,1690.9,42.9
2026-07-06 02:00,713.3,379.9,35.0,56.6,4.37,16.0,0.76,7.97,0.162,15.3,0.06,18.5,1834.2,41.7
2026-07-06 03:00,956.2,434.1,37.1,57.6,5.71,16.7,0.78,8.01,0.156,15.8,0.04,18.9,1816.9,51.5
2026-07-06 04:00,802.2,274.7,26.4,47.9,3.94,16.7,0.79,7.52,0.149,16.1,0.05,20.3,1760.0,42.1
2026-07-06 05:00,760.4,375.6,38.0,56.9,5.35,16.5,0.79,8.37,0.153,15.7,0.08,20.7,1794.6,46.1
2026-07-06 06:00,893.2,514.1,26.5,44.9,4.97,16.7,0.79,7.55,0.145,15.9,0.05,20.8,1887.5,46.4
2026-07-06 07:00,889.4,353.1,37.4,56.5,5.42,15.1,0.82,8.55,0.175,14.5,0.03,19.8,1860.9,51.1
2026-07-06 08:00,793.6,345.7,32.7,53.7,5.38,16.0,0.88,7.64,0.156,15.0,0.08,21.1,1794.8,45.5
2026-07-06 09:00,871.0,303.8,39.3,55.8,5.7,16.6,0.84,9.21,0.151,15.8,0.04,21.3,1767.3,46.8
2026-07-06 10:00,904.2,361.0,38.8,57.5,5.1,17.0,0.78,9.08,0.18,16.1,0.07,23.0,1888.1,55.1
2026-07-06 11:00,916.3,342.2,34.8,55.3,4.37,16.0,0.82,8.76,0.173,15.5,0.04,23.1,1913.9,53.2
2026-07-06 12:00,977.2,355.4,35.4,58.7,5.06,16.6,0.92,8.22,0.163,16.1,0.06,23.0,1929.4,48.6
2026-07-06 13:00,925.8,327.4,33.4,54.6,5.06,17.7,0.82,8.81,0.16,16.7,0.08,21.5,1814.6,47.4
2026-07-06 14:00,875.8,318.4,40.2,59.0,5.19,17.6,0.89,9.13,0.179,16.9,0.07,21.5,1927.5,44.7
2026-07-06 15:00,1100.0,343.5,40.1,58.1,5.07,16.7,0.88,8.71,0.171,16.0,0.05,24.0,1922.6,53.4
2026-07-06 16:00,951.1,276.8,50.7,71.3,5.77,19.5,0.87,9.03,0.177,18.7,0.07,23.9,1923.7,44.5
2026-07-06 17:00,877.2,363.0,44.5,63.5,5.86,18.4,0.85,9.31,0.173,18.1,0.04,25.1,1877.6,44.0
2026-07-06 18:00,1100.0,420.3,30.9,50.4,4.42,18.7,0.88,9.11,0.191,17.9,0.07,27.1,1966.2,54.9
2026-07-06 19:00,1100.0,349.2,29.3,48.2,4.95,17.4,0.9,10.17,0.175,16.4,0.06,24.5,1902.0,52.6
2026-07-06 20:00,950.5,379.8,37.3,57.9,4.31,17.7,0.9,9.11,0.188,16.7,0.04,25.3,1900.9,48.8
2026-07-06 21:00,838.6,335.9,31.1,54.3,4.53,18.7,0.95,8.57,0.184,18.1,0.06,26.9,1912.2,45.3
2026-07-06 22:00,908.2,328.7,36.1,59.7,4.83,18.9,0.92,9.48,0.187,18.2,0.08,25.0,1843.2,47.8
2026-07-06 23:00,844.7,322.9,36.2,54.1,4.83,17.9,1.0,8.65,0.18,16.9,0.04,25.1,1844.9,48.5
2026-07-07 00:00,818.8,385.1,52.6,70.6,5.57,18.2,0.96,9.05,0.187,17.6,0.08,24.1,1807.2,42.2
2026-07-07 01:00,600.0,364.2,37.2,54.9,4.05,19.3,0.88,9.71,0.17,18.8,0.06,24.3,1772.5,42.4
2026-07-07 02:00,716.1,404.4,39.6,56.7,4.78,19.5,0.93,8.98,0.194,19.1,0.09,25.6,1852.1,52.0
2026-07-07 03:00,1021.3,375.5,30.1,49.6,5.23,18.8,0.95,9.3,0.179,18.0,0.06,25.5,1826.2,52.6
2026-07-07 04:00,747.3,327.1,38.9,57.4,4.85,20.2,1.0,8.76,0.188,19.8,0.03,23.9,1804.4,42.5
2026-07-07 05:00,677.0,383.9,39.1,62.2,5.66,17.9,0.96,8.9,0.205,17.4,0.08,25.8,1749.4,55.4
2026-07-07 06:00,914.6,317.7,31.6,50.4,4.99,18.8,1.03,10.07,0.197,18.3,0.09,27.4,1853.8,56.9
2026-07-07 07:00,839.3,407.9,33.4,53.9,5.5,19.0,0.98,9.44,0.186,18.4,0.08,25.3,1879.9,46.0
2026-07-07 08:00,824.3,353.9,30.1,49.8,3.81,20.1,0.94,9.69,0.207,19.3,0.07,28.1,1889.7,53.5
2026-07-07 09:00,916.0,291.8,31.9,50.4,4.47,18.7,0.91,9.96,0.187,17.8,0.08,27.4,1863.5,50.2
2026-07-07 10:00,987.5,327.8,28.1,51.0,5.31,19.0,0.92,9.66,0.189,18.2,0.05,29.2,1917.6,53.3
2026-07-07 11:00,934.6,564.1,27.7,51.3,5.23,18.1,0.9,10.46,0.196,17.2,0.03,28.7,1813.0,55.5
2026-07-07 12:00,975.1,346.5,33.6,50.6,5.56,19.0,0.9,9.38,0.18,18.5,0.07,27.3,1914.6,51.5
2026-07-07 13:00,917.6,427.6,35.1,52.4,3.78,17.9,0.93,9.7,0.174,17.4,0.06,27.3,1985.0,49.2
2026-07-07 14:00,897.2,313.3,31.0,48.2,6.26,19.8,0.92,9.24,0.184,18.9,0.07,25.9,1824.1,50.5
2026-07-07 15:00,1100.0,356.4,35.6,54.8,4.03,19.0,0.97,9.42,0.195,18.3,0.05,26.4,1907.6,60.3
2026-07-07 16:00,955.5,373.4,31.8,50.8,3.91,18.6,0.9,9.35,0.171,17.9,0.06,26.7,1886.3,48.1
2026-07-07 17:00,905.4,319.8,37.0,58.6,5.3,18.5,0.93,9.13,0.193,17.9,0.07,25.7,1862.9,52.2
2026-07-07 18:00,1030.6,350.6,35.6,55.0,4.98,17.9,0.96,8.53,0.18,17.2,0.09,29.1,1848.1,44.7
2026-07-07 19:00,1100.0,393.9,35.4,56.2,4.47,17.2,0.88,9.18,0.187,16.4,0.09,28.1,1980.0,55.4
2026-07-07 20:00,1009.1,413.4,32.3,54.6,4.91,19.7,0.91,8.53,0.189,19.0,0.05,28.9,1889.5,47.7
2026-07-07 21:00,899.2,381.9,40.7,62.6,5.18,18.4,0.91,9.45,0.178,17.4,0.04,26.2,1936.1,45.9
2026-07-07 22:00,904.7,375.5,34.0,51.6,6.05,19.0,0.9,9.54,0.185,18.0,0.07,26.3,1861.0,49.0
2026-07-07 23:00,840.9,344.9,33.8,55.7,5.03,18.6,0.93,9.36,0.168,17.9,0.04,27.4,1840.0,47.2
2026-07-08 00:00,794.5,336.8,36.2,56.1,4.59,17.9,0.84,8.4,0.177,17.5,0.09,26.4,1845.7,48.1
2026-07-08 01:00,602.9,358.9,35.2,53.1,5.27,16.5,0.86,8.93,0.182,16.1,0.05,27.2,1721.9,36.4
2026-07-08 02:00,722.1,305.6,38.9,60.0,6.17,17.3,0.86,8.55,0.167,16.8,0.06,25.3,1815.4,43.7
2026-07-08 03:00,960.7,367.8,39.6,64.1,5.11,18.2,0.89,7.88,0.162,17.3,0.07,27.9,1839.1,47.1
2026-07-08 04:00,804.2,385.1,34.9,56.3,4.98,16.2,0.87,7.45,0.17,15.3,0.09,25.6,1796.7,46.2
2026-07-08 05:00,630.3,346.2,38.9,60.3,4.54,15.7,0.8,8.37,0.16,14.9,0.07,27.0,1639.9,40.4
2026-07-08 06:00,932.8,295.8,45.0,65.0,4.63,17.2,0.82,8.57,0.158,16.2,0.06,27.2,1928.8,50.1
2026-07-08 07:00,874.8,336.0,46.2,68.5,5.22,16.1,0.79,7.95,0.18,15.3,0.03,25.8,1885.8,42.2
2026-07-08 08:00,794.5,370.2,27.1,47.2,4.89,16.8,0.81,8.35,0.175,15.8,0.05,26.5,1827.2,46.2
2026-07-08 09:00,942.2,362.6,39.7,60.4,4.96,15.9,0.86,8.36,0.167,15.6,0.03,25.4,1898.7,48.2
2026-07-08 10:00,954.4,365.3,31.7,53.5,4.07,16.8,0.81,7.99,0.161,16.0,0.03,26.0,1861.7,45.6
2026-07-08 11:00,943.9,301.6,31.6,49.6,5.99,15.5,0.79,8.18,0.164,15.0,0.07,27.6,1779.3,50.2
2026-07-08 12:00,954.7,356.9,27.3,50.6,5.53,16.5,0.77,7.38,0.151,15.6,0.05,28.0,1873.7,47.2
2026-07-08 13:00,921.9,336.2,35.8,50.7,6.99,15.9,0.77,7.96,0.173,15.2,0.04,27.7,1816.5,49.4
2026-07-08 14:00,900.2,389.5,32.5,54.4,4.89,15.4,0.8,7.33,0.167,14.9,0.04,25.8,1913.8,46.7
2026-07-08 15:00,1100.0,323.7,27.8,45.6,5.61,15.6,0.78,7.82,0.143,14.9,0.04,25.4,1912.1,53.0
2026-07-08 16:00,999.3,342.8,31.5,50.7,5.0,14.5,0.75,7.7,0.151,14.0,0.07,25.0,1833.4,50.3
2026-07-08 17:00,830.0,369.2,33.4,48.4,6.01,15.6,0.82,7.75,0.165,15.1,0.05,26.2,1790.6,48.5
2026-07-08 18:00,1097.3,302.5,30.6,50.2,4.94,14.9,0.79,7.5,0.157,14.4,0.08,23.0,1887.1,54.1
2026-07-08 19:00,1100.0,373.7,26.1,49.0,5.14,14.5,0.74,7.49,0.163,14.2,0.03,23.0,1933.7,55.6
2026-07-08 20:00,1039.3,372.1,34.1,54.9,5.21,14.9,0.79,8.26,0.162,14.4,0.03,23.5,1921.0,49.4
2026-07-08 21:00,815.3,326.1,35.2,58.6,5.22,15.1,0.68,7.61,0.161,14.5,0.08,23.2,1843.6,41.7
2026-07-08 22:00,897.5,287.1,30.9,49.5,4.86,15.4,0.76,7.65,0.15,14.8,0.06,25.3,1841.2,47.5
2026-07-08 23:00,829.9,350.1,34.2,52.6,4.84,16.1,0.75,7.68,0.15,15.3,0.05,24.5,1847.0,45.3
2026-07-09 00:00,811.3,353.4,29.2,48.4,5.66,16.6,0.78,8.56,0.158,15.9,0.08,20.8,1838.4,46.6
2026-07-09 01:00,628.8,657.6,39.1,55.8,4.17,16.8,0.85,7.21,0.155,16.0,0.09,20.7,1822.5,39.3
2026-07-09 02:00,774.2,325.1,36.4,54.4,4.35,18.0,0.74,8.13,0.161,17.6,0.06,20.2,1769.7,42.0
2026-07-09 03:00,932.9,414.6,33.9,53.9,4.71,15.7,0.85,7.7,0.159,15.3,0.04,20.9,1897.1,49.9
2026-07-09 04:00,827.9,350.5,32.9,52.3,5.58,16.0,0.83,8.16,0.161,15.6,0.09,21.1,1834.8,44.3
2026-07-09 05:00,757.0,398.6,31.6,53.1,4.51,16.3,0.77,8.64,0.162,15.5,0.06,20.8,1766.4,52.0
2026-07-09 06:00,899.8,353.8,40.0,57.7,5.16,15.9,0.83,8.64,0.162,15.0,0.03,19.6,1909.6,50.9
2026-07-09 07:00,938.9,378.4,39.1,56.6,5.07,16.1,0.72,8.49,0.171,15.7,0.07,19.7,1891.4,47.1
2026-07-09 08:00,864.8,345.4,35.0,57.0,5.02,16.8,0.83,8.45,0.175,16.1,0.04,19.3,1851.7,49.7
2026-07-09 09:00,971.6,406.2,35.6,56.8,4.81,17.3,0.86,8.3,0.173,16.4,0.09,17.7,1935.0,51.0
2026-07-09 10:00,927.6,338.9,36.7,54.9,4.28,17.0,0.82,8.54,0.163,16.3,0.07,18.2,1822.5,46.3
2026-07-09 11:00,933.3,351.7,37.8,59.4,6.12,18.7,0.88,8.25,0.184,17.6,0.09,19.5,1851.5,45.4
2026-07-09 12:00,944.9,291.0,41.2,59.6,5.54,16.1,0.88,8.13,0.162,15.7,0.08,17.6,1779.9,49.7
2026-07-09 13:00,909.6,294.5,29.8,49.8,4.83,16.6,0.84,8.22,0.18,16.2,0.07,17.6,1866.4,46.1
2026-07-09 14:00,875.1,319.9,39.4,58.7,4.93,16.7,0.92,9.59,0.177,15.9,0.08,16.3,1843.5,41.4
2026-07-09 15:00,1003.9,363.9,40.4,60.0,5.54,17.3,0.79,9.04,0.163,16.3,0.04,14.3,1892.7,49.7
2026-07-09 16:00,1028.4,345.4,46.4,64.0,5.18,19.0,0.86,9.28,0.193,18.2,0.05,16.1,1916.2,55.7
2026-07-09 17:00,898.5,325.9,34.6,56.0,5.13,17.9,0.84,8.91,0.19,17.0,0.07,18.0,1869.6,43.0
2026-07-09 18:00,1029.6,333.5,36.8,55.6,6.06,18.2,0.94,8.72,0.171,17.2,0.05,16.9,1910.4,44.8
2026-07-09 19:00,1100.0,339.2,31.2,50.1,5.72,17.4,0.96,9.2,0.186,16.5,0.06,17.0,1955.3,55.4
2026-07-09 20:00,959.6,353.2,32.7,47.4,5.12,18.9,0.89,9.6,0.18,18.1,0.05,13.2,1907.4,51.8
2026-07-09 21:00,851.5,415.1,31.3,51.7,4.2,18.9,0.99,8.84,0.182,18.1,0.09,15.6,1899.8,50.8
2026-07-09 22:00,844.1,366.3,31.6,53.4,5.12,17.5,0.89,9.5,0.183,16.6,0.07,14.7,1891.0,47.4
2026-07-09 23:00,814.2,365.2,32.1,52.4,6.15,18.1,0.93,8.98,0.18,17.5,0.05,12.9,1832.3,48.6
2026-07-10 00:00,811.5,320.2,43.3,63.1,6.03,18.1,1.01,9.44,0.183,17.4,0.05,13.1,1854.0,47.3
2026-07-10 01:00,617.4,342.4,34.2,51.7,5.8,19.2,0.97,9.49,0.18,18.2,0.09,13.5,1687.8,42.0
2026-07-10 02:00,775.9,280.6,34.7,56.4,5.43,18.4,0.99,10.24,0.197,18.0,0.08,12.6,1747.8,51.3
2026-07-10 03:00,899.6,371.0,33.9,52.8,4.84,19.0,0.89,9.64,0.194,18.5,0.06,12.7,1828.8,54.1
2026-07-10 04:00,855.2,319.0,37.6,53.9,4.02,19.0,0.89,9.72,0.199,18.5,0.07,12.3,1827.6,59.7
2026-07-10 05:00,730.6,342.2,41.9,59.7,4.9,19.0,0.93,9.86,0.196,18.2,0.05,13.7,1870.4,50.4
2026-07-10 06:00,840.9,619.9,33.4,51.7,4.8,19.3,0.9,9.26,0.189,18.7,0.08,10.6,1857.0,50.3
2026-07-10 07:00,904.1,359.1,37.4,58.9,4.49,19.1,1.0,9.3,0.202,18.3,0.06,11.0,1836.3,54.5
2026-07-10 08:00,852.1,316.8,25.1,44.2,4.45,19.5,0.97,9.78,0.193,18.5,0.09,12.4,1898.6,56.0
2026-07-10 09:00,941.2,306.8,35.4,55.8,4.7,19.3,0.99,10.14,0.182,18.6,0.06,12.1,1798.5,51.0
2026-07-10 10:00,925.4,402.2,39.0,57.0,5.1,20.1,0.91,9.54,0.207,19.0,0.04,11.8,1848.1,53.9
2026-07-10 11:00,872.1,367.1,31.8,51.6,4.81,19.3,0.94,8.95,0.173,18.5,0.03,9.4,1886.2,46.2
2026-07-10 12:00,910.0,306.4,32.8,52.0,9.81,18.5,0.91,10.47,0.203,17.8,0.05,11.6,1878.8,55.5
2026-07-10 13:00,892.2,360.8,39.3,59.5,4.81,17.9,0.94,10.07,0.194,17.0,0.03,10.9,1804.4,53.8
2026-07-10 14:00,979.2,390.3,39.8,60.1,6.0,17.2,0.92,8.83,0.186,16.8,0.07,10.1,1892.7,46.0
2026-07-10 15:00,1100.0,347.8,30.9,49.2,5.86,18.7,0.92,8.31,0.187,18.3,0.07,11.3,1964.7,55.3
2026-07-10 16:00,1057.4,342.9,43.5,64.6,4.34,18.4,0.98,9.59,0.183,17.6,0.07,9.0,1924.2,51.5
2026-07-10 17:00,802.1,381.0,36.2,55.6,5.1,17.3,0.95,9.42,0.165,16.3,0.05,10.9,1808.4,42.4
2026-07-10 18:00,1047.2,354.0,38.6,58.7,4.7,18.2,0.92,9.17,0.164,17.2,0.06,9.4,1867.1,52.3
2026-07-10 19:00,1100.0,353.2,36.7,61.5,4.26,18.3,0.95,9.68,0.183,17.6,0.09,10.2,1909.7,52.7
2026-07-10 20:00,998.1,315.0,34.7,50.3,4.67,18.6,0.9,8.03,0.18,17.5,0.05,8.8,1865.6,44.2
2026-07-10 21:00,954.3,404.1,36.7,57.7,5.15,17.7,0.9,9.6,0.177,16.9,0.08,7.0,1870.2,43.6
2026-07-10 22:00,854.0,304.7,39.6,58.0,5.76,17.3,0.94,8.56,0.182,16.5,0.09,8.1,1927.0,43.0
2026-07-10 23:00,861.0,294.1,53.9,78.1,4.44,16.8,0.74,8.77,0.17,16.3,0.08,7.1,1892.8,45.7
2026-07-11 00:00,708.9,386.1,30.8,50.5,3.65,16.6,0.89,8.61,0.166,16.2,0.09,7.3,1758.4,40.3
2026-07-11 01:00,604.4,261.0,31.5,49.2,5.09,17.6,0.82,8.84,0.163,16.7,0.07,8.7,1703.2,43.9
2026-07-11 02:00,659.4,348.3,35.8,56.9,5.21,17.2,0.86,8.58,0.179,16.7,0.04,9.6,1723.5,47.0
2026-07-11 03:00,915.4,433.0,36.3,54.3,4.71,17.6,0.8,8.31,0.169,16.6,0.04,8.5,1830.3,45.7
2026-07-11 04:00,758.1,307.0,36.0,59.9,4.54,15.3,0.87,9.01,0.164,14.6,0.04,6.5,1747.1,45.4
2026-07-11 05:00,645.6,315.9,40.2,60.9,5.79,16.9,0.85,8.19,0.165,16.2,0.08,6.6,1802.4,41.9
2026-07-11 06:00,943.8,382.0,33.8,52.6,5.64,16.8,0.86,8.63,0.156,16.5,0.06,7.8,1843.3,52.2
2026-07-11 07:00,795.6,424.2,31.9,52.4,4.78,17.2,0.86,7.77,0.168,16.5,0.08,7.1,1863.8,44.6
2026-07-11 08:00,719.8,299.6,26.9,48.4,5.77,16.6,0.83,8.14,0.161,15.6,0.05,9.2,1781.8,44.4
2026-07-11 09:00,838.2,370.3,33.7,53.2,4.17,15.6,0.78,8.02,0.156,15.2,0.06,8.5,1791.8,48.5
2026-07-11 10:00,887.0,308.4,33.0,52.7,4.55,15.0,0.77,7.26,0.155,14.4,0.07,9.6,1943.0,45.8
2026-07-11 11:00,841.5,323.1,30.7,49.5,4.05,16.3,0.75,7.58,0.165,15.8,0.04,10.1,1811.3,48.5
2026-07-11 12:00,892.1,385.8,27.2,46.7,5.12,16.0,0.81,7.79,0.142,15.5,0.04,7.4,1882.1,51.4
2026-07-11 13:00,851.2,695.3,36.6,57.7,5.15,16.7,0.78,8.36,0.161,16.0,0.05,9.5,1851.8,46.4
2026-07-11 14:00,851.7,413.8,39.2,60.3,4.22,15.2,0.79,7.58,0.161,14.4,0.08,7.8,1805.5,48.2
2026-07-11 15:00,982.1,439.1,35.0,56.0,4.19,15.7,0.83,7.35,0.152,15.1,0.03,6.3,1904.6,49.4
2026-07-11 16:00,934.3,433.5,34.7,55.3,4.47,15.6,0.79,7.65,0.168,14.7,0.08,6.9,1870.2,52.8
2026-07-11 17:00,786.5,342.6,41.0,59.4,5.32,16.1,0.72,7.51,0.148,15.3,0.04,9.8,1811.5,44.1
2026-07-11 18:00,848.2,327.7,34.0,52.4,4.5,15.8,0.79,7.6,0.148,15.1,0.09,10.0,1834.4,41.6
2026-07-11 19:00,1034.7,353.5,28.2,49.9,5.33,15.1,0.77,7.01,0.14,14.4,0.03,8.8,1870.1,48.9
2026-07-11 20:00,974.3,306.6,44.9,67.1,5.31,15.5,0.8,7.2,0.162,14.9,0.05,11.2,1855.7,49.5
2026-07-11 21:00,808.0,323.6,27.8,49.4,4.09,14.5,0.79,7.82,0.149,14.2,0.09,10.0,1817.5,44.1
2026-07-11 22:00,758.8,402.2,31.2,47.8,5.49,15.1,0.82,7.76,0.147,14.6,0.07,9.9,1813.9,45.3
2026-07-11 23:00,787.6,309.0,40.0,58.9,5.13,14.3,0.81,7.69,0.155,13.7,0.05,10.0,1865.7,43.6
2026-07-12 00:00,741.6,289.8,41.2,59.1,4.12,15.4,0.78,7.89,0.151,15.1,0.07,10.9,1878.6,42.9
2026-07-12 01:00,507.3,371.0,38.4,60.9,4.5,15.7,0.74,8.05,0.167,15.3,0.08,11.1,1658.2,42.9
2026-07-12 02:00,635.7,398.8,36.9,57.8,5.07,18.0,0.8,7.83,0.143,17.4,0.04,9.8,1715.9,43.9
2026-07-12 03:00,841.8,401.0,35.5,55.6,5.35,15.7,0.72,7.65,0.164,15.0,0.03,10.4,1833.8,46.0
2026-07-12 04:00,781.7,366.9,42.5,58.9,4.54,15.3,0.8,7.41,0.146,14.6,0.04,9.4,1805.5,47.3
2026-07-12 05:00,596.3,368.3,40.4,60.5,4.41,14.7,0.83,8.57,0.176,13.8,0.08,14.4,1744.6,41.0
2026-07-12 06:00,770.7,381.9,60.8,80.0,5.42,16.7,0.74,7.79,0.163,15.9,0.06,10.8,1826.9,43.0
2026-07-12 07:00,889.5,313.8,30.1,51.3,8.29,15.0,0.86,7.83,0.159,14.4,0.04,12.5,1919.8,55.0
2026-07-12 08:00,758.1,368.7,39.3,58.8,3.88,16.2,0.81,8.33,0.172,15.9,0.03,12.5,1801.0,46.4
2026-07-12 09:00,868.0,406.2,32.8,53.1,3.95,16.8,0.85,8.15,0.17,16.4,0.07,13.5,1853.2,53.1
2026-07-12 10:00,775.8,412.5,35.5,52.6,4.95,18.4,0.82,7.9,0.186,17.4,0.04,13.4,1846.3,45.8
2026-07-12 11:00,796.4,605.7,33.6,52.8,4.94,17.3,0.87,7.92,0.17,16.6,0.07,14.9,1787.6,42.9
2026-07-12 12:00,866.7,394.2,24.7,50.8,5.83,17.7,0.83,8.55,0.179,17.0,0.06,14.5,1916.0,46.2
2026-07-12 13:00,868.0,353.8,32.8,53.7,3.47,16.5,0.91,9.1,0.184,15.6,0.08,14.9,1849.0,44.3
2026-07-12 14:00,757.4,357.6,41.8,64.9,4.81,17.0,0.83,9.08,0.174,16.7,0.04,14.3,1784.7,47.3
2026-07-12 15:00,936.8,403.1,38.1,56.4,4.94,18.3,0.85,8.47,0.157,17.8,0.04,14.7,1884.8,51.7
2026-07-12 16:00,910.9,545.0,34.8,55.7,4.81,17.2,0.91,9.25,0.165,16.3,0.04,13.9,1834.2,48.6
2026-07-12 17:00,758.4,318.7,32.9,51.6,5.14,18.4,0.89,8.22,0.194,18.0,0.04,15.5,1876.6,48.3
2026-07-12 18:00,928.7,365.1,33.9,55.3,4.19,18.9,0.87,8.98,0.165,17.9,0.04,16.5,1922.2,45.3
2026-07-12 19:00,1015.2,339.7,38.9,58.3,5.68,17.8,0.86,9.13,0.186,17.3,0.08,17.1,1907.6,53.5
2026-07-12 20:00,921.2,318.1,36.0,55.2,5.19,18.7,0.97,9.86,0.189,18.3,0.08,16.3,1802.9,50.1
2026-07-12 21:00,837.1,386.6,36.5,57.0,5.29,17.6,0.89,8.9,0.193,16.7,0.07,16.5,1859.3,54.2
2026-07-12 22:00,785.4,379.6,32.1,53.3,5.0,18.8,0.91,8.66,0.196,17.7,0.04,18.2,1867.7,51.4
2026-07-12 23:00,754.2,301.2,42.1,62.6,6.02,18.4,0.94,9.42,0.191,17.6,0.04,17.0,1751.4,47.3
2026-07-13 00:00,787.9,344.5,34.5,54.7,4.68,18.7,0.93,9.1,0.181,17.6,0.06,17.3,1831.0,45.1
2026-07-13 01:00,568.4,369.4,38.9,58.1,4.34,17.8,0.96,8.98,0.189,16.8,0.05,17.5,1740.0,36.9
2026-07-13 02:00,710.0,353.4,35.7,57.8,4.7,19.1,0.87,9.8,0.191,18.1,0.09,19.3,1780.4,51.4
2026-07-13 03:00,809.3,367.7,52.8,76.8,4.21,19.9,0.93,8.78,0.188,19.3,0.09,18.5,1818.2,43.3
2026-07-13 04:00,814.1,333.8,29.9,52.4,5.48,19.4,0.98,9.2,0.189,19.0,0.03,21.3,1819.5,50.4
2026-07-13 05:00,699.6,254.4,37.1,54.0,4.83,18.3,0.99,10.25,0.193,17.9,0.09,19.8,1831.2,52.8
2026-07-13 06:00,897.7,363.2,37.1,59.1,5.19,19.7,0.89,8.54,0.194,18.9,0.05,18.8,1863.7,54.3
2026-07-13 07:00,843.8,424.6,34.8,53.3,4.27,19.8,0.87,9.54,0.197,18.6,0.06,23.2,2004.4,51.1
2026-07-13 08:00,797.4,328.6,36.9,54.9,6.14,20.0,0.97,9.29,0.195,18.8,0.07,21.3,1779.9,50.8
2026-07-13 09:00,946.9,359.8,34.2,56.0,5.34,18.9,0.96,9.38,0.175,17.8,0.05,20.9,1904.4,47.0
2026-07-13 10:00,882.2,343.5,31.7,52.4,4.45,17.5,0.94,9.52,0.188,16.7,0.05,22.5,1858.3,48.1
2026-07-13 11:00,942.2,272.5,35.3,55.8,5.34,20.1,1.03,10.26,0.179,19.3,0.09,23.8,1834.3,44.4
2026-07-13 12:00,946.5,530.0,30.7,50.4,5.95,21.0,0.99,9.12,0.19,20.5,0.07,21.7,1952.0,53.8
2026-07-13 13:00,831.4,390.4,38.0,59.1,4.08,18.0,0.9,9.99,0.191,17.4,0.04,23.3,1873.2,54.6
2026-07-13 14:00,897.6,331.6,30.9,51.5,4.79,18.5,0.95,8.85,0.185,17.6,0.06,25.5,1885.9,52.3
2026-07-13 15:00,1100.0,353.2,42.6,58.7,4.09,19.1,0.9,9.23,0.186,18.2,0.07,23.0,1908.7,50.5
2026-07-13 16:00,920.8,295.9,34.0,53.8,4.25,16.7,0.94,9.38,0.18,15.7,0.07,21.3,1846.5,51.3
2026-07-13 17:00,859.4,350.2,39.9,60.1,4.67,18.2,0.97,9.35,0.18,17.5,0.06,23.2,1869.1,43.4
2026-07-13 18:00,1053.0,281.5,35.1,54.6,5.93,18.2,0.89,8.58,0.167,17.3,0.07,26.3,1838.6,55.2
2026-07-13 19:00,1083.9,286.5,33.8,54.1,8.12,18.6,0.86,9.03,0.177,17.6,0.06,23.0,2008.6,53.2
2026-07-13 20:00,1050.0,355.1,28.3,48.1,5.42,18.7,0.89,8.72,0.181,17.6,0.05,24.5,1972.7,50.4
2026-07-13 21:00,908.5,408.6,31.1,52.3,4.74,17.5,0.87,9.58,0.187,16.5,0.08,23.7,1865.1,45.3
2026-07-13 22:00,859.2,352.5,31.7,53.6,3.83,17.9,0.86,8.06,0.168,17.1,0.03,24.8,1897.1,43.7
2026-07-13 23:00,716.2,334.0,36.6,56.8,4.7,18.5,0.88,8.19,0.173,18.0,0.03,25.6,1751.9,46.9
2026-07-14 00:00,817.2,313.7,37.5,57.4,5.14,15.4,0.93,8.94,0.183,15.0,0.06,26.1,1866.7,47.2
2026-07-14 01:00,593.2,282.6,35.3,55.2,7.38,16.0,0.84,8.22,0.154,15.5,0.04,24.5,1791.4,42.8
2026-07-14 02:00,734.6,330.5,27.4,48.4,4.19,18.0,0.92,8.85,0.168,17.2,0.09,26.0,1818.3,40.4
2026-07-14 03:00,915.5,363.4,35.4,53.5,4.44,17.9,0.86,8.5,0.174,17.3,0.08,26.7,1853.6,49.9
2026-07-14 04:00,835.8,348.5,32.8,51.8,4.22,16.7,0.85,8.38,0.184,16.3,0.08,26.9,1807.2,46.4
2026-07-14 05:00,692.3,386.5,36.5,58.5,8.22,16.6,0.79,9.09,0.167,16.2,0.04,25.7,1728.0,44.0
2026-07-14 06:00,852.6,354.8,31.1,52.4,9.95,17.4,0.77,8.3,0.153,16.6,0.06,28.5,1814.6,43.7
2026-07-14 07:00,891.9,303.9,34.3,49.0,4.55,14.9,0.84,8.06,0.166,14.3,0.08,28.1,1893.7,48.6
2026-07-14 08:00,738.6,466.2,31.7,52.4,4.9,16.8,0.84,7.82,0.159,16.4,0.05,26.8,1769.5,44.5
2026-07-14 09:00,861.9,313.1,35.3,53.5,4.53,15.0,0.84,8.51,0.16,14.5,0.09,27.6,1859.3,46.2
2026-07-14 10:00,824.3,362.4,33.4,53.6,3.8,15.5,0.74,7.42,0.167,14.9,0.09,29.2,1840.8,45.0
2026-07-14 11:00,792.4,322.6,38.2,58.1,5.63,14.7,0.85,8.32,0.156,14.0,0.05,28.3,1787.1,49.4
2026-07-14 12:00,948.5,323.6,29.7,48.4,5.37,16.0,0.77,8.05,0.15,15.2,0.09,26.3,1873.5,49.3
2026-07-14 13:00,881.4,353.1,42.0,63.7,5.54,14.5,0.76,8.07,0.146,14.2,0.06,29.9,1848.2,46.3
2026-07-14 14:00,852.9,319.5,35.6,56.8,4.73,14.8,0.8,8.73,0.164,14.2,0.08,28.7,1886.4,47.4
2026-07-14 15:00,1074.1,422.2,37.6,56.9,4.62,14.5,0.77,7.14,0.159,13.7,0.07,27.3,1913.5,51.1
2026-07-14 16:00,951.7,310.9,32.8,49.8,5.21,15.5,0.77,7.74,0.162,14.8,0.06,27.1,1857.0,47.1
2026-07-14 17:00,816.3,388.2,21.8,45.4,5.6,16.6,0.76,7.48,0.153,16.3,0.08,30.3,1880.8,51.2
2026-07-14 18:00,948.2,388.9,42.3,63.8,5.32,16.8,0.81,7.34,0.145,16.2,0.04,26.6,1960.6,46.7
2026-07-14 19:00,1100.0,358.6,32.8,55.0,5.45,15.3,0.83,8.13,0.161,14.4,0.08,27.9,1923.6,50.6
2026-07-14 20:00,869.3,319.8,44.4,68.7,4.55,15.6,0.72,8.69,0.145,14.9,0.04,30.7,1840.3,51.4
2026-07-14 21:00,883.6,393.9,31.6,50.2,4.3,14.8,0.81,7.84,0.156,14.2,0.07,27.8,1825.5,43.2
2026-07-14 22:00,930.9,417.4,36.2,56.9,5.15,15.4,0.83,7.51,0.177,14.5,0.05,26.1,1881.4,49.6
2026-07-14 23:00,783.0,337.3,28.5,49.3,4.69,16.2,0.66,7.17,0.157,15.4,0.04,28.1,1841.8,46.5
2026-07-15 00:00,824.9,385.8,38.2,58.8,5.34,16.0,0.83,8.02,0.155,15.6,0.05,28.1,1893.5,43.9
2026-07-15 01:00,564.7,392.4,39.2,58.3,4.42,16.4,0.76,8.24,0.156,15.5,0.07,27.4,1724.8,43.0
2026-07-15 02:00,713.6,405.4,32.8,52.8,5.1,15.7,0.79,7.78,0.153,14.8,0.06,28.2,1785.3,43.5
2026-07-15 03:00,973.8,347.1,30.9,48.7,4.8,15.3,0.79,7.84,0.157,14.7,0.06,27.9,1896.5,49.9
2026-07-15 04:00,801.4,329.4,30.4,48.6,4.86,16.5,0.77,8.82,0.162,15.9,0.05,30.1,1842.6,45.0
2026-07-15 05:00,681.8,647.6,31.2,48.7,7.3,16.5,0.8,8.5,0.155,15.9,0.07,28.2,1787.6,44.9
2026-07-15 06:00,781.9,329.7,31.5,52.7,3.63,15.9,0.77,8.75,0.141,15.4,0.05,28.0,1819.4,42.0
2026-07-15 07:00,938.8,308.3,33.4,52.9,3.76,16.5,0.76,7.85,0.157,15.9,0.05,25.6,1958.3,50.4
2026-07-15 08:00,807.7,282.5,32.9,64.5,4.94,16.5,0.79,8.48,0.151,15.8,0.04,27.7,1769.8,47.9
2026-07-15 09:00,814.4,393.6,36.5,56.5,4.81,17.1,0.81,8.13,0.164,16.6,0.07,26.5,1838.8,47.9
2026-07-15 10:00,834.5,303.6,36.2,57.3,5.9,17.5,0.81,8.72,0.165,16.6,0.04,26.8,1857.0,44.1
2026-07-15 11:00,811.1,346.4,35.3,53.4,5.75,16.2,0.75,8.21,0.172,15.3,0.05,26.9,1840.7,42.8
2026-07-15 12:00,931.9,372.2,43.1,63.0,4.76,15.8,0.85,8.45,0.167,15.0,0.05,24.1,1840.4,47.6
2026-07-15 13:00,869.2,392.4,29.2,52.8,5.26,16.5,0.88,8.08,0.173,15.9,0.08,26.8,1807.1,54.3
2026-07-15 14:00,795.1,321.9,43.2,63.2,4.29,17.9,0.83,8.8,0.171,17.4,0.06,26.0,1823.9,46.0
2026-07-15 15:00,1060.2,307.3,35.3,54.1,5.63,17.4,0.92,8.91,0.174,16.7,0.04,25.4,1966.9,53.8
2026-07-15 16:00,914.9,365.9,29.8,48.7,5.81,17.3,0.9,9.05,0.177,16.5,0.06,25.7,1898.8,47.9
2026-07-15 17:00,776.2,366.8,31.2,48.4,5.67,18.6,0.91,8.81,0.167,18.1,0.06,25.0,1817.7,46.5
2026-07-15 18:00,1060.2,404.4,33.2,56.2,5.3,18.1,0.94,9.11,0.187,17.2,0.08,24.9,1958.6,49.6
2026-07-15 19:00,1100.0,380.9,41.6,61.7,4.57,17.2,0.88,9.69,0.171,16.9,0.06,22.9,1918.4,56.8
2026-07-15 20:00,939.4,290.7,37.9,57.0,4.8,18.6,0.89,9.26,0.19,17.8,0.04,25.2,1928.7,47.3
2026-07-15 21:00,893.0,393.0,36.0,53.8,5.56,18.5,0.97,9.45,0.187,18.0,0.04,22.3,1847.8,49.1
2026-07-15 22:00,886.7,352.4,44.8,64.5,5.25,18.0,0.93,10.03,0.196,17.4,0.08,22.1,1891.3,55.6
2026-07-15 23:00,831.9,324.8,27.6,51.1,4.84,18.9,0.86,9.67,0.18,18.3,0.06,21.6,1778.1,44.4
2026-07-16 00:00,775.0,398.4,32.4,54.2,4.79,19.3,0.93,8.73,0.197,18.2,0.09,23.1,1885.6,48.4
2026-07-16 01:00,511.3,324.3,41.7,65.4,5.54,19.9,0.88,10.11,0.192,19.1,0.08,20.5,1654.0,46.1
2026-07-16 02:00,705.6,386.8,34.2,48.5,5.02,19.7,0.91,9.4,0.188,18.7,0.07,22.2,1758.8,45.8
2026-07-16 03:00,904.7,383.5,54.0,72.3,4.78,19.1,0.95,9.73,0.202,18.6,0.04,20.8,1884.6,55.0
2026-07-16 04:00,833.9,381.7,43.9,65.2,5.45,17.9,0.92,9.96,0.196,17.4,0.09,21.8,1860.2,52.2
2026-07-16 05:00,783.2,423.7,38.9,59.3,4.81,19.2,0.98,9.62,0.199,18.4,0.07,19.7,1862.9,58.5
2026-07-16 06:00,871.8,305.5,37.4,58.5,3.75,19.9,0.91,9.42,0.198,19.2,0.05,22.2,1864.9,58.4
2026-07-16 07:00,785.6,323.4,34.4,53.5,4.46,19.2,0.9,9.6,0.179,18.7,0.03,19.2,1874.7,48.6
2026-07-16 08:00,775.5,379.2,39.4,62.3,6.19,18.9,0.93,10.11,0.194,18.3,0.04,18.3,1816.1,47.6
2026-07-16 09:00,873.6,329.3,39.4,58.6,4.08,18.9,0.88,10.34,0.197,17.9,0.08,18.3,1850.1,56.4
2026-07-16 10:00,849.6,356.6,37.5,59.9,6.25,18.7,0.96,9.14,0.187,18.1,0.05,16.7,1861.0,44.7
2026-07-16 11:00,725.1,387.3,34.0,53.9,4.99,19.0,0.96,9.79,0.18,18.1,0.05,18.9,1728.7,46.8
2026-07-16 12:00,978.8,333.1,30.4,52.3,4.49,18.3,0.89,8.6,0.191,17.7,0.06,18.1,1966.4,55.7
2026-07-16 13:00,851.6,272.4,31.3,56.1,4.87,17.8,0.89,9.58,0.178,16.8,0.08,19.1,1883.9,45.6
2026-07-16 14:00,791.0,329.3,39.3,62.0,6.08,17.9,0.93,9.82,0.18,17.4,0.05,18.1,1848.1,45.8
2026-07-16 15:00,1004.9,280.7,37.2,56.9,5.02,19.0,1.0,8.92,0.172,18.1,0.06,16.3,1867.4,51.3
2026-07-16 16:00,920.5,292.1,32.8,52.2,5.16,18.2,0.91,9.06,0.179,17.9,0.03,16.8,1941.5,49.0
2026-07-16 17:00,796.3,306.8,35.9,57.3,4.21,17.7,0.93,10.08,0.169,16.7,0.04,16.2,1756.9,49.0
2026-07-16 18:00,1022.9,379.4,31.7,49.6,5.29,18.7,0.87,9.66,0.19,18.1,0.09,15.4,1953.4,51.4
2026-07-16 19:00,1100.0,292.2,37.2,55.1,4.7,17.5,0.96,8.76,0.189,16.5,0.04,17.1,1977.7,57.0
2026-07-16 20:00,910.7,328.0,41.0,62.8,5.73,17.9,0.91,8.49,0.173,17.5,0.07,14.9,1849.6,48.5
2026-07-16 21:00,791.6,379.5,37.5,56.8,5.6,17.4,0.96,9.49,0.193,16.9,0.07,13.4,1850.6,52.0
2026-07-16 22:00,821.2,296.8,32.1,56.3,4.72,17.0,0.92,8.8,0.167,16.3,0.03,14.5,1782.3,45.4
2026-07-16 23:00,821.7,357.2,35.1,50.3,5.32,18.3,0.86,8.93,0.155,17.6,0.06,12.8,1852.6,41.7
2026-07-17 00:00,804.4,389.7,39.4,59.3,5.28,17.0,0.86,7.86,0.17,16.6,0.06,13.8,1834.4,44.2
2026-07-17 01:00,568.2,342.1,30.6,49.6,5.08,17.8,0.83,8.84,0.178,17.0,0.06,13.9,1687.0,45.0
2026-07-17 02:00,613.6,306.2,40.0,57.2,5.0,16.2,0.85,7.7,0.176,15.8,0.09,10.8,1711.9,41.0
2026-07-17 03:00,809.9,315.6,39.1,59.3,4.19,15.9,0.87,8.35,0.176,15.0,0.07,12.9,1816.2,47.4
2026-07-17 04:00,771.7,334.7,27.4,46.7,4.94,17.5,0.77,8.92,0.17,16.9,0.05,10.2,1841.7,51.7
2026-07-17 05:00,629.0,301.1,34.8,57.6,4.45,17.4,0.84,8.65,0.16,16.7,0.04,10.5,1747.7,38.3
2026-07-17 06:00,852.0,294.5,36.0,56.3,5.78,15.6,0.84,8.64,0.173,14.7,0.05,12.7,1857.6,48.2
2026-07-17 07:00,870.2,323.3,35.7,55.0,6.52,15.3,0.82,8.52,0.18,14.9,0.07,10.6,1796.0,46.2
2026-07-17 08:00,731.6,333.6,37.8,57.9,5.66,15.8,0.79,8.7,0.141,15.5,0.08,11.5,1858.8,45.6
2026-07-17 09:00,903.9,338.1,35.9,58.3,5.31,16.3,0.77,7.79,0.155,15.3,0.04,12.5,1899.1,44.1
2026-07-17 10:00,888.6,354.1,36.3,59.4,4.7,16.2,0.79,8.01,0.154,15.6,0.06,9.4,1853.8,48.3
2026-07-17 11:00,939.6,326.2,30.2,50.2,5.94,16.6,0.85,7.76,0.154,15.8,0.04,10.8,1847.4,49.5
2026-07-17 12:00,857.6,676.1,40.8,58.5,4.39,13.2,0.81,7.46,0.164,12.7,0.07,10.1,1865.8,44.5
2026-07-17 13:00,848.1,289.4,28.6,47.1,5.72,14.7,0.76,7.41,0.177,14.3,0.05,9.3,1782.7,45.7
2026-07-17 14:00,813.0,361.3,31.2,53.0,5.15,13.5,0.8,7.89,0.157,13.0,0.06,10.0,1801.1,50.4
2026-07-17 15:00,1086.0,354.7,35.7,53.1,4.57,16.4,0.82,7.32,0.173,15.4,0.04,11.5,1957.1,51.6
2026-07-17 16:00,968.6,364.2,39.5,62.3,5.47,15.9,0.77,7.56,0.164,15.4,0.03,9.2,1865.5,50.4
2026-07-17 17:00,841.7,341.2,40.3,61.1,4.6,14.3,0.78,7.59,0.149,13.7,0.04,10.4,1804.0,46.6
2026-07-17 18:00,989.5,355.8,36.0,56.3,5.43,15.8,0.76,8.21,0.138,15.1,0.06,8.4,1904.0,49.1
2026-07-17 19:00,1100.0,332.8,39.8,60.9,5.93,16.0,0.74,7.36,0.161,15.6,0.05,7.6,1929.1,54.4
2026-07-17 20:00,902.8,335.4,32.3,52.0,6.42,13.4,0.76,7.73,0.164,12.7,0.06,7.5,1829.0,44.8
2026-07-17 21:00,839.3,323.6,32.2,53.9,4.88,15.4,0.8,7.28,0.157,15.0,0.03,8.3,1866.9,48.9
2026-07-17 22:00,878.8,335.4,30.5,50.1,5.09,15.2,0.86,8.0,0.151,14.6,0.04,8.1,1835.7,44.5
2026-07-17 23:00,818.1,376.3,37.9,56.5,5.26,16.8,0.82,7.58,0.15,16.1,0.08,7.7,1898.2,43.8
2026-07-18 00:00,691.4,290.8,33.3,55.3,5.18,16.4,0.76,7.49,0.158,16.1,0.07,6.8,1818.5,44.6
2026-07-18 01:00,483.7,290.2,31.7,57.2,5.04,15.9,0.77,7.67,0.161,15.1,0.07,9.6,1771.7,40.1
2026-07-18 02:00,631.2,332.4,38.6,56.4,5.21,15.4,0.81,8.81,0.16,14.6,0.05,6.6,1640.7,46.6
2026-07-18 03:00,742.2,310.2,37.7,60.0,4.54,15.1,0.79,8.2,0.157,14.3,0.04,6.1,1814.2,47.4
2026-07-18 04:00,723.2,310.5,51.2,69.3,4.57,15.7,0.86,7.79,0.16,15.0,0.08,8.5,1818.5,43.1
2026-07-18 05:00,610.4,335.8,35.6,55.7,5.74,15.7,0.76,7.71,0.168,15.2,0.05,8.1,1734.3,42.7
2026-07-18 06:00,852.0,368.3,36.1,55.8,6.1,17.0,0.88,8.12,0.17,16.6,0.09,8.5,1795.8,50.6
2026-07-18 07:00,733.4,380.5,42.3,63.7,4.34,16.8,0.78,8.18,0.18,16.1,0.04,7.3,1781.6,43.8
2026-07-18 08:00,652.0,354.1,41.1,77.8,4.58,16.5,0.72,7.91,0.169,15.7,0.04,7.9,1768.2,43.4
2026-07-18 09:00,760.2,343.5,48.4,75.3,3.89,15.1,0.84,7.94,0.17,14.6,0.04,7.5,1846.7,44.3
2026-07-18 10:00,731.0,317.9,36.5,57.1,4.6,16.7,0.85,8.55,0.164,16.0,0.05,7.3,1824.2,42.4
2026-07-18 11:00,787.7,318.3,36.0,55.4,8.75,17.1,0.81,8.24,0.172,16.5,0.08,6.3,1824.1,42.3
2026-07-18 12:00,743.8,361.1,36.8,54.9,4.28,17.7,0.8,9.16,0.167,17.1,0.05,7.6,1752.1,45.7
2026-07-18 13:00,752.7,323.8,40.8,61.3,8.35,18.0,0.89,8.73,0.169,17.1,0.04,9.2,1772.6,44.6
2026-07-18 14:00,790.9,262.5,34.6,51.3,5.29,18.6,0.92,9.12,0.166,17.9,0.07,8.4,1755.5,47.8
2026-07-18 15:00,989.6,332.3,34.6,58.6,5.22,16.8,0.94,9.63,0.173,16.3,0.05,9.4,1916.8,50.8
2026-07-18 16:00,806.1,397.3,35.8,56.0,6.12,17.0,0.85,8.85,0.18,16.6,0.08,9.0,1859.8,45.3
2026-07-18 17:00,777.1,586.8,47.2,65.2,5.34,18.5,0.92,8.44,0.167,17.6,0.09,9.7,1778.6,45.3
2026-07-18 18:00,822.3,370.7,31.5,51.0,4.02,17.7,0.89,8.95,0.179,16.9,0.09,9.8,1827.9,48.5
2026-07-18 19:00,1016.1,350.7,30.6,50.6,5.09,19.2,0.95,9.34,0.178,18.7,0.09,8.5,1863.4,47.0
2026-07-18 20:00,858.6,408.0,35.1,53.8,5.27,19.3,0.93,8.9,0.176,18.7,0.03,9.8,1814.7,44.9
2026-07-18 21:00,765.6,463.7,38.5,59.5,5.39,17.9,0.89,8.51,0.173,17.2,0.06,8.9,1771.3,48.4
2026-07-18 22:00,776.9,329.1,28.8,50.5,4.84,20.6,0.9,8.53,0.182,19.8,0.06,10.6,1832.0,43.0
2026-07-18 23:00,634.9,424.6,36.9,59.9,6.35,20.6,0.95,9.56,0.192,19.6,0.09,9.4,1818.8,46.2
2026-07-19 00:00,662.2,681.2,39.8,61.7,4.93,20.6,0.89,9.27,0.173,19.8,0.06,9.6,1810.1,43.2
2026-07-19 01:00,524.7,349.6,35.6,55.4,4.96,20.0,0.85,9.91,0.202,19.4,0.06,11.6,1651.4,45.7
2026-07-19 02:00,676.1,400.6,30.7,50.7,5.04,17.8,0.96,9.7,0.194,17.3,0.06,10.9,1723.4,46.3
2026-07-19 03:00,804.8,342.7,33.5,55.2,5.51,19.9,0.93,9.9,0.192,18.8,0.06,10.6,1793.5,51.2
2026-07-19 04:00,723.9,333.0,39.1,60.3,5.21,18.6,0.89,10.28,0.208,17.7,0.08,11.7,1832.4,44.2
2026-07-19 05:00,603.8,393.7,34.8,56.2,6.04,18.6,0.91,9.16,0.194,18.2,0.07,11.4,1666.5,44.0
2026-07-19 06:00,741.5,363.2,30.5,49.3,4.47,20.3,0.98,9.21,0.198,19.2,0.04,12.3,1747.0,50.0
2026-07-19 07:00,819.7,344.1,34.6,52.7,4.2,18.0,0.95,8.53,0.193,17.7,0.08,11.1,1886.8,56.2
2026-07-19 08:00,678.3,358.9,36.2,56.8,4.67,18.3,0.93,9.72,0.189,17.6,0.04,13.2,1802.9,41.9
2026-07-19 09:00,778.0,388.3,37.7,60.4,5.13,19.2,0.94,9.44,0.192,18.5,0.04,12.9,1767.1,51.8
2026-07-19 10:00,729.8,286.5,30.7,50.4,4.85,19.0,0.98,9.22,0.194,17.9,0.08,12.9,1842.6,53.7
2026-07-19 11:00,680.9,324.9,28.8,48.3,4.82,18.8,0.98,10.19,0.198,18.4,0.03,14.2,1721.7,54.0
2026-07-19 12:00,822.1,317.8,39.2,58.5,4.08,20.3,0.86,9.88,0.194,19.8,0.06,13.1,1766.1,52.1
2026-07-19 13:00,762.8,438.1,35.7,56.0,5.76,19.4,1.0,9.49,0.181,18.4,0.07,15.0,1760.2,44.7
2026-07-19 14:00,743.7,401.7,35.4,54.7,4.55,17.8,0.92,9.6,0.187,17.0,0.08,14.8,1876.0,42.5
2026-07-19 15:00,948.5,348.9,61.6,80.3,4.81,17.3,0.97,9.13,0.204,16.9,0.05,14.5,1868.7,48.7
2026-07-19 16:00,822.7,390.5,35.8,58.2,4.08,20.8,0.91,10.2,0.173,19.7,0.06,16.2,1775.7,41.0
2026-07-19 17:00,680.5,384.6,40.9,60.4,4.02,18.7,0.92,8.4,0.183,17.8,0.08,14.7,1798.9,41.9
2026-07-19 18:00,862.8,280.0,33.0,55.1,4.23,18.0,0.83,9.31,0.193,17.1,0.05,15.4,1864.3,49.6
2026-07-19 19:00,1021.3,366.4,33.0,53.0,4.97,16.1,0.9,8.88,0.175,15.2,0.06,15.5,1852.9,53.1
2026-07-19 20:00,832.2,349.0,35.2,59.7,5.63,16.5,0.92,9.37,0.186,16.1,0.05,17.7,1835.1,48.7
2026-07-19 21:00,742.1,424.8,38.1,57.8,5.05,16.9,0.95,8.29,0.173,16.2,0.07,16.9,1716.4,45.0
2026-07-19 22:00,724.6,322.8,31.9,52.5,4.55,17.3,0.92,9.4,0.168,16.7,0.05,16.8,1796.1,44.8
2026-07-19 23:00,664.9,317.1,29.5,50.6,4.96,18.7,0.85,8.73,0.173,18.1,0.07,17.0,1830.3,41.4
2026-07-20 00:00,735.6,585.3,37.4,58.0,4.6,16.1,0.88,8.51,0.168,15.1,0.03,17.8,1801.1,41.2
2026-07-20 01:00,553.2,295.1,40.8,60.7,4.1,17.2,0.81,8.76,0.182,16.7,0.03,18.1,1715.4,43.3
2026-07-20 02:00,685.0,324.4,36.2,53.2,5.36,17.1,0.89,9.34,0.15,16.3,0.04,18.0,1783.1,40.3
2026-07-20 03:00,847.1,391.0,34.7,55.9,5.38,17.5,0.86,8.66,0.164,16.9,0.04,19.6,1835.7,43.8
2026-07-20 04:00,748.3,477.6,36.4,54.3,5.11,16.5,0.81,8.26,0.165,15.7,0.07,20.2,1740.8,47.1
2026-07-20 05:00,695.5,361.0,35.8,58.9,5.04,17.0,0.87,7.9,0.159,16.2,0.04,20.4,1788.4,45.3
2026-07-20 06:00,828.7,407.2,30.5,54.7,4.69,15.6,0.79,8.84,0.16,15.0,0.09,21.1,1826.0,45.1
2026-07-20 07:00,801.7,424.0,37.6,57.0,5.13,14.8,0.85,8.27,0.168,14.3,0.07,19.1,1845.6,49.6
2026-07-20 08:00,795.2,353.4,32.7,54.9,6.0,16.0,0.83,7.61,0.161,15.2,0.06,20.2,1774.1,50.4
2026-07-20 09:00,726.1,333.8,37.1,55.7,5.39,15.1,0.78,7.97,0.146,14.7,0.08,20.9,1796.6,49.2
2026-07-20 10:00,803.4,373.5,38.1,57.2,5.29,16.6,0.83,7.44,0.16,15.9,0.07,22.5,1780.2,48.4
2026-07-20 11:00,834.9,399.3,31.6,52.7,5.47,15.8,0.8,7.7,0.16,15.0,0.03,20.7,1874.6,46.2
2026-07-20 12:00,905.0,456.4,32.5,51.5,4.94,15.5,0.81,7.72,0.178,14.8,0.08,22.7,1874.7,47.2
2026-07-20 13:00,824.0,404.0,54.4,72.2,5.59,15.6,0.81,8.04,0.152,15.1,0.03,23.5,1883.2,47.6
2026-07-20 14:00,805.8,312.5,34.4,55.7,6.19,13.5,0.76,7.66,0.159,13.0,0.08,24.6,1809.0,48.1
2026-07-20 15:00,985.2,378.5,25.6,44.6,4.66,14.4,0.83,7.71,0.148,14.0,0.05,23.8,2002.8,44.8
2026-07-20 16:00,821.7,304.7,33.5,50.7,3.93,15.5,0.77,7.49,0.147,15.1,0.03,21.7,1821.3,45.9
2026-07-20 17:00,800.2,330.2,38.0,60.4,6.15,14.6,0.77,7.71,0.14,14.0,0.06,24.5,1752.1,42.3
2026-07-20 18:00,991.9,319.5,33.8,54.4,4.3,14.7,0.76,7.32,0.149,13.9,0.08,24.8,1962.5,51.2
2026-07-20 19:00,1100.0,411.3,36.3,56.3,5.23,14.5,0.77,7.4,0.155,13.7,0.03,22.5,1959.5,55.6
2026-07-20 20:00,905.3,327.7,36.8,57.8,3.9,15.1,0.8,8.23,0.144,14.6,0.08,26.2,1771.9,45.8
2026-07-20 21:00,803.3,306.3,34.1,52.2,4.61,14.5,0.79,7.34,0.16,13.8,0.08,26.5,1818.9,49.3
2026-07-20 22:00,868.1,309.0,29.7,49.6,5.71,15.4,0.75,7.82,0.151,14.6,0.07,26.7,1899.2,46.9
2026-07-20 23:00,744.0,337.0,41.0,61.0,5.12,15.5,0.75,8.38,0.163,15.2,0.05,25.2,1760.2,44.2
2026-07-21 00:00,704.5,297.6,37.2,58.5,5.14,16.3,0.81,7.91,0.15,15.4,0.09,24.4,1663.4,47.7
2026-07-21 01:00,552.2,354.0,29.3,50.7,5.33,17.2,0.79,7.67,0.153,16.5,0.07,25.3,1743.2,39.8
2026-07-21 02:00,708.7,284.4,33.7,52.0,5.45,16.0,0.78,7.3,0.151,15.4,0.08,25.5,1776.7,44.8
2026-07-21 03:00,920.6,345.8,26.2,44.4,4.43,16.7,0.79,7.81,0.155,15.9,0.04,26.0,1892.4,51.3
2026-07-21 04:00,751.4,389.0,36.8,52.0,5.07,17.9,0.81,8.18,0.165,17.1,0.08,27.6,1832.0,45.4
2026-07-21 05:00,576.1,367.7,34.5,53.7,6.49,15.8,0.83,7.4,0.159,14.9,0.04,27.8,1740.8,43.6
2026-07-21 06:00,812.9,389.9,38.3,61.5,5.72,16.1,0.81,8.43,0.167,15.4,0.08,28.3,1786.9,43.5
2026-07-21 07:00,802.6,347.2,31.3,48.0,4.84,15.8,0.82,7.92,0.163,15.0,0.08,27.3,1843.6,49.9
2026-07-21 08:00,748.3,371.1,36.5,55.5,3.7,16.5,0.86,8.24,0.161,15.6,0.09,25.3,1834.9,49.8
2026-07-21 09:00,749.7,362.2,30.4,48.4,5.37,16.1,0.83,8.93,0.165,15.7,0.04,26.7,1737.3,41.9
2026-07-21 10:00,826.7,377.3,33.9,56.2,2.99,15.6,0.84,8.43,0.163,14.9,0.04,29.4,1794.5,48.4
2026-07-21 11:00,813.1,344.7,38.4,56.7,5.24,16.5,0.85,8.57,0.167,16.1,0.05,28.4,1797.6,47.1
2026-07-21 12:00,899.3,354.1,36.3,59.2,5.14,16.6,0.81,8.53,0.166,15.7,0.04,28.3,1925.7,47.7
2026-07-21 13:00,782.3,421.9,35.2,55.5,5.47,17.2,0.85,9.03,0.177,16.2,0.07,29.6,1868.3,44.2
2026-07-21 14:00,771.2,348.4,35.8,52.7,4.1,18.5,0.89,8.81,0.185,17.9,0.07,29.4,1834.7,46.2
2026-07-21 15:00,1075.7,382.8,38.2,58.8,4.04,16.2,0.87,8.82,0.172,15.3,0.04,29.9,1900.7,48.1
2026-07-21 16:00,793.0,344.1,35.6,56.4,3.62,17.2,0.91,8.9,0.187,16.8,0.04,26.5,1831.4,43.1
2026-07-21 17:00,804.8,396.6,37.6,56.2,4.69,17.8,0.97,9.0,0.192,17.2,0.06,27.3,1823.5,55.5
2026-07-21 18:00,905.4,717.5,30.0,48.0,5.83,19.0,1.04,8.7,0.176,18.2,0.06,29.0,1887.3,45.6
2026-07-21 19:00,1062.6,321.4,32.2,48.6,5.25,18.2,0.9,9.47,0.183,17.7,0.05,27.5,1900.8,50.4
2026-07-21 20:00,887.1,351.5,32.9,50.5,5.02,19.5,0.84,9.65,0.197,18.7,0.08,28.8,1859.6,55.4
2026-07-21 21:00,812.9,314.5,29.3,51.5,4.1,18.5,0.93,9.48,0.187,17.5,0.03,28.0,1795.2,48.0
2026-07-21 22:00,786.0,455.3,33.9,53.8,9.19,18.5,0.93,9.21,0.178,17.7,0.06,28.7,1825.2,44.6
2026-07-21 23:00,791.7,403.4,36.3,57.0,4.64,18.5,0.96,9.82,0.179,17.7,0.06,26.7,1812.0,44.3
2026-07-22 00:00,726.5,365.4,37.8,55.3,4.27,19.5,0.94,9.88,0.21,19.0,0.08,26.9,1816.7,49.5
2026-07-22 01:00,592.8,376.9,34.9,55.8,4.71,19.2,0.98,9.81,0.193,18.1,0.08,28.2,1797.9,46.6
2026-07-22 02:00,674.6,329.6,38.0,56.2,4.13,18.6,0.98,9.57,0.19,17.8,0.07,28.9,1816.2,41.4
2026-07-22 03:00,856.9,455.8,36.2,54.8,4.22,18.6,0.91,9.93,0.183,18.1,0.08,29.8,1861.7,43.1
2026-07-22 04:00,720.3,418.1,34.0,52.9,4.5,17.8,0.98,8.95,0.2,16.8,0.08,26.4,1754.3,56.5
2026-07-22 05:00,673.7,367.8,33.6,56.5,9.47,19.1,0.92,9.86,0.194,18.5,0.06,28.4,1735.1,45.4
2026-07-22 06:00,777.3,317.3,31.8,53.0,5.06,20.6,1.03,8.68,0.181,19.8,0.09,26.6,1767.6,47.4
2026-07-22 07:00,830.2,313.8,37.2,57.5,4.85,17.7,1.02,9.15,0.178,16.6,0.04,27.0,1866.7,46.9
2026-07-22 08:00,711.2,300.1,37.2,58.6,3.96,19.2,1.0,8.78,0.192,18.2,0.06,28.4,1852.6,53.6
2026-07-22 09:00,815.5,323.7,34.7,54.9,5.74,19.6,0.88,9.71,0.188,19.1,0.08,24.9,1801.2,49.5
2026-07-22 10:00,761.1,373.9,33.7,54.6,4.57,18.1,0.9,9.12,0.202,17.3,0.04,25.8,1829.2,49.2
2026-07-22 11:00,849.4,373.0,33.2,54.0,4.37,17.6,0.93,9.65,0.187,17.1,0.05,26.1,1813.3,48.4
2026-07-22 12:00,819.6,312.1,35.6,55.7,4.32,19.9,0.96,9.58,0.197,19.5,0.08,26.3,1825.4,54.0
2026-07-22 13:00,804.5,294.8,34.1,53.9,4.7,19.6,0.98,9.15,0.168,18.8,0.09,25.7,1847.6,45.0
2026-07-22 14:00,804.6,400.1,33.2,50.7,5.7,18.8,0.96,9.05,0.195,18.1,0.05,26.7,1823.8,51.8
2026-07-22 15:00,982.8,380.1,37.5,57.7,5.13,18.6,0.93,8.53,0.197,18.1,0.08,23.8,1889.5,55.0
2026-07-22 16:00,836.3,300.8,36.8,57.0,4.77,17.9,0.93,9.09,0.195,16.9,0.07,24.3,1840.5,49.8
2026-07-22 17:00,764.8,383.2,38.4,57.6,6.28,19.0,0.96,8.46,0.186,18.3,0.08,22.8,1799.0,44.9
2026-07-22 18:00,956.5,318.2,32.4,55.7,4.92,18.2,0.96,8.72,0.19,17.2,0.09,24.7,1928.3,50.1
2026-07-22 19:00,1031.6,367.7,41.8,63.7,4.54,18.1,0.9,9.37,0.177,17.4,0.08,24.1,1822.9,48.7
2026-07-22 20:00,868.6,309.6,37.4,57.3,3.86,18.1,0.85,8.95,0.195,17.0,0.06,22.9,1864.1,56.8
2026-07-22 21:00,825.2,299.8,29.4,50.0,4.61,16.9,0.89,9.57,0.182,16.1,0.03,25.7,1788.9,45.5
2026-07-22 22:00,852.8,394.8,34.0,53.8,5.17,16.9,0.88,9.41,0.171,16.2,0.04,25.7,1855.8,45.3
2026-07-22 23:00,810.0,322.2,34.9,54.7,5.01,17.3,0.77,8.52,0.179,16.4,0.06,24.7,1777.1,44.7
2026-07-23 00:00,689.4,345.4,34.3,55.6,4.03,17.5,0.89,8.4,0.172,16.9,0.07,20.1,1775.7,44.4
2026-07-23 01:00,546.7,341.6,32.3,55.5,5.52,17.1,0.8,8.96,0.164,16.7,0.05,22.5,1729.4,40.7
2026-07-23 02:00,631.0,320.6,36.4,59.1,5.01,16.5,0.81,8.96,0.171,16.0,0.05,21.7,1717.7,42.4
2026-07-23 03:00,821.0,331.7,41.5,64.4,4.51,16.7,0.89,7.74,0.175,16.0,0.06,21.0,1884.8,50.1
2026-07-23 04:00,771.2,342.1,28.3,48.7,5.83,17.0,0.86,8.74,0.165,16.2,0.04,20.5,1881.5,43.1
2026-07-23 05:00,637.0,419.8,28.9,45.8,3.82,15.4,0.81,7.86,0.186,14.9,0.07,19.2,1765.9,46.8
2026-07-23 06:00,863.0,367.2,35.0,56.0,4.7,14.7,0.8,8.07,0.159,14.3,0.06,21.4,1801.3,49.9
2026-07-23 07:00,753.1,324.2,36.8,55.3,5.09,15.9,0.78,7.71,0.153,15.3,0.04,21.3,1853.5,49.1
2026-07-23 08:00,722.4,421.7,33.3,53.6,4.62,17.3,0.79,8.07,0.17,16.9,0.04,20.8,1741.5,42.2
2026-07-23 09:00,817.5,404.2,34.7,55.4,5.76,15.6,0.8,7.89,0.149,14.7,0.04,20.2,1895.1,50.1
2026-07-23 10:00,758.7,294.4,31.2,45.6,4.39,16.7,0.84,8.45,0.158,15.8,0.08,18.7,1864.2,44.2
2026-07-23 11:00,821.8,353.4,31.5,55.1,4.92,15.6,0.78,8.11,0.152,14.8,0.04,20.6,1844.3,47.4
2026-07-23 12:00,865.3,267.2,34.3,53.6,4.79,15.4,0.77,7.82,0.155,14.9,0.04,17.2,1875.5,46.2
2026-07-23 13:00,801.2,265.9,31.7,51.7,5.37,14.7,0.8,7.83,0.153,14.0,0.05,17.9,1855.7,44.9
2026-07-23 14:00,832.8,353.1,41.4,62.0,4.32,16.8,0.79,6.91,0.153,16.5,0.06,16.3,1852.1,44.2
2026-07-23 15:00,905.7,349.2,31.2,49.8,5.09,15.8,0.77,7.0,0.164,15.1,0.06,15.4,1873.5,47.2
2026-07-23 16:00,799.0,318.7,34.4,57.6,4.3,15.2,0.85,7.9,0.168,14.4,0.04,16.6,1817.7,47.4
2026-07-23 17:00,797.8,363.2,33.3,51.0,5.29,15.9,0.66,7.68,0.13,15.3,0.04,16.1,1832.4,47.4
2026-07-23 18:00,942.2,371.8,34.4,51.3,5.45,16.0,0.79,7.81,0.161,15.3,0.07,13.6,1987.6,50.9
2026-07-23 19:00,1100.0,333.5,36.7,57.5,5.38,14.9,0.76,8.05,0.166,14.4,0.08,15.5,1909.0,49.5
2026-07-23 20:00,924.9,324.4,38.4,58.9,6.3,17.1,0.71,8.01,0.145,16.7,0.05,15.8,1842.3,49.7
2026-07-23 21:00,772.5,295.7,27.3,49.6,4.88,14.4,0.76,7.67,0.149,13.8,0.04,15.6,1820.0,43.5
2026-07-23 22:00,833.4,389.1,33.8,53.5,5.19,14.4,0.79,7.34,0.162,13.6,0.04,12.6,1816.7,46.5
2026-07-23 23:00,810.9,318.6,32.0,52.8,5.56,15.5,0.8,7.42,0.137,14.8,0.06,15.4,1914.9,43.5
2026-07-24 00:00,709.2,325.7,31.0,48.7,4.99,15.0,0.78,7.35,0.154,14.3,0.04,13.2,1770.5,44.2
2026-07-24 01:00,500.7,270.6,30.3,58.9,4.93,15.3,0.69,7.62,0.153,14.4,0.08,13.4,1707.7,40.1
2026-07-24 02:00,684.3,343.2,55.4,76.4,4.38,15.3,0.81,7.68,0.162,14.6,0.06,10.9,1838.0,45.0
2026-07-24 03:00,824.7,585.6,40.2,58.7,5.57,14.9,0.85,7.19,0.174,14.2,0.04,11.4,1759.6,48.5
2026-07-24 04:00,808.5,365.3,33.4,52.8,4.72,15.4,0.78,8.76,0.158,14.6,0.05,11.6,1802.9,48.4
2026-07-24 05:00,617.9,389.1,36.7,58.0,5.48,14.9,0.77,7.94,0.173,14.5,0.03,11.6,1761.3,39.8
2026-07-24 06:00,767.9,387.0,36.4,59.3,4.86,15.5,0.82,8.08,0.152,14.9,0.03,12.8,1804.1,43.8
2026-07-24 07:00,823.0,514.3,33.3,55.1,8.71,15.6,0.76,7.85,0.158,15.1,0.03,10.2,1865.0,44.8
2026-07-24 08:00,741.0,359.2,31.4,52.6,4.19,16.8,0.84,8.99,0.158,16.2,0.05,10.5,1838.8,45.8
2026-07-24 09:00,823.1,709.9,27.8,50.3,4.04,17.3,0.9,7.9,0.155,16.8,0.04,9.6,1847.6,49.1
2026-07-24 10:00,762.7,353.3,40.8,60.6,5.49,14.8,0.89,8.02,0.174,14.1,0.08,10.1,1782.5,46.2
2026-07-24 11:00,837.9,330.7,30.1,50.9,4.71,17.0,0.82,8.55,0.16,16.2,0.08,9.4,1833.7,46.8
2026-07-24 12:00,918.4,367.7,39.0,55.5,5.54,17.8,0.85,9.14,0.164,17.1,0.05,11.1,1893.6,52.2
2026-07-24 13:00,851.3,279.4,32.1,51.8,5.17,17.5,0.8,8.97,0.191,16.6,0.05,10.1,1830.8,51.5
2026-07-24 14:00,754.2,363.9,35.2,54.7,4.32,17.7,0.86,8.61,0.177,17.0,0.04,9.4,1709.2,42.7
2026-07-24 15:00,962.9,321.4,35.2,55.3,5.46,16.9,0.84,8.83,0.186,16.2,0.05,9.7,1901.0,52.3
2026-07-24 16:00,828.1,384.9,32.0,50.6,4.52,16.7,0.98,8.69,0.185,15.9,0.06,8.7,1764.5,45.0
2026-07-24 17:00,746.5,325.2,60.3,79.4,4.22,18.7,0.93,8.92,0.183,17.9,0.09,10.2,1772.7,40.4
2026-07-24 18:00,998.3,369.4,34.6,56.7,5.9,18.1,0.9,9.0,0.175,17.5,0.08,9.1,1927.7,50.0
2026-07-24 19:00,1079.6,306.6,39.7,61.1,5.39,17.6,0.91,9.07,0.195,16.7,0.03,9.2,1966.8,56.8
2026-07-24 20:00,859.7,282.1,32.4,52.9,6.03,19.7,1.01,9.3,0.178,18.7,0.08,8.7,1837.9,47.2
2026-07-24 21:00,767.7,350.8,34.8,53.6,5.39,19.1,0.96,8.94,0.186,18.6,0.06,8.2,1781.0,42.8
2026-07-24 22:00,857.6,354.1,30.8,50.5,4.65,19.3,0.95,9.84,0.185,18.8,0.04,10.0,1779.2,48.2
2026-07-24 23:00,715.1,334.6,41.3,69.4,4.8,18.4,0.94,9.24,0.194,17.5,0.09,6.1,1742.9,46.2
2026-07-25 00:00,707.3,303.2,33.8,59.7,4.8,19.5,0.91,9.26,0.195,18.3,0.03,7.7,1806.9,44.4
2026-07-25 01:00,450.0,309.7,37.5,55.0,5.3,19.0,0.94,9.94,0.194,17.9,0.08,7.5,1702.0,45.4
2026-07-25 02:00,606.6,322.4,33.8,54.8,4.52,19.7,0.91,9.45,0.204,18.9,0.04,9.4,1746.3,49.6
2026-07-25 03:00,778.7,250.0,32.8,53.2,4.08,18.9,0.97,9.24,0.19,17.7,0.05,8.4,1825.1,45.0
2026-07-25 04:00,683.3,326.0,36.9,60.2,5.64,19.7,0.96,9.18,0.192,18.9,0.08,6.6,1777.9,42.8
2026-07-25 05:00,608.5,399.8,37.7,57.3,5.59,18.9,0.94,8.72,0.193,18.5,0.05,8.7,1703.1,43.5
2026-07-25 06:00,760.8,360.9,29.3,49.4,7.24,19.0,0.96,10.08,0.192,18.2,0.05,7.3,1847.6,53.3
2026-07-25 07:00,787.0,335.7,38.1,53.3,4.17,18.4,0.93,9.64,0.189,17.9,0.06,9.2,1899.4,46.0
2026-07-25 08:00,651.7,352.5,38.9,59.0,5.22,20.8,0.9,10.01,0.192,20.3,0.05,7.6,1795.7,47.9
2026-07-25 09:00,709.8,305.6,37.0,58.3,6.88,17.2,0.97,9.04,0.196,16.7,0.03,9.7,1813.0,48.2
2026-07-25 10:00,763.0,340.1,32.8,53.1,5.25,18.9,0.98,9.73,0.181,18.4,0.04,9.4,1849.4,43.2
2026-07-25 11:00,681.6,310.1,31.7,53.5,5.48,18.5,1.02,9.4,0.2,17.4,0.09,9.1,1705.8,45.5
2026-07-25 12:00,767.6,369.5,34.5,53.2,4.01,18.2,0.91,9.27,0.179,17.3,0.07,8.9,1817.3,44.2
2026-07-25 13:00,707.6,371.2,36.7,57.5,4.74,19.6,0.95,9.12,0.187,19.2,0.08,8.6,1767.0,44.4
2026-07-25 14:00,791.6,345.2,31.4,55.8,5.33,19.9,1.0,9.09,0.191,19.1,0.07,7.9,1757.5,54.0
2026-07-25 15:00,970.4,359.0,36.1,54.9,6.01,18.9,0.89,9.65,0.212,18.0,0.03,8.9,1916.5,57.2
2026-07-25 16:00,797.0,324.3,38.2,57.6,3.42,18.5,0.97,8.31,0.197,17.4,0.05,8.6,1770.1,55.1
2026-07-25 17:00,727.8,339.3,32.7,55.0,4.86,20.0,0.9,8.71,0.173,18.9,0.07,8.1,1803.5,41.5
2026-07-25 18:00,1015.9,376.4,55.8,78.4,4.82,17.9,0.85,8.71,0.176,17.2,0.07,8.2,1921.8,49.4
2026-07-25 19:00,1019.9,364.1,30.6,44.7,4.18,18.4,0.88,8.6,0.193,17.6,0.05,8.5,1882.3,57.4
2026-07-25 20:00,818.4,360.4,38.9,59.2,5.93,18.1,0.93,9.66,0.17,17.4,0.06,9.1,1829.2,42.4
2026-07-25 21:00,799.6,353.0,35.9,54.8,5.38,15.7,0.88,8.39,0.166,15.3,0.05,9.7,1752.8,51.0
2026-07-25 22:00,683.3,317.5,40.7,59.5,5.02,17.3,0.85,9.69,0.177,16.7,0.06,8.9,1836.3,43.5
2026-07-25 23:00,737.4,373.1,41.9,63.7,4.38,17.0,0.89,8.52,0.169,16.2,0.04,10.8,1842.5,46.5
2026-07-26 00:00,694.1,323.8,35.3,58.6,4.15,18.4,0.9,8.29,0.173,17.4,0.08,9.8,1755.9,44.9
2026-07-26 01:00,489.9,274.9,35.9,52.7,5.26,18.2,0.83,8.49,0.169,17.4,0.08,10.7,1734.7,38.3
2026-07-26 02:00,562.1,296.8,44.7,62.7,4.59,16.4,0.83,9.3,0.175,15.8,0.07,9.3,1739.8,41.4
2026-07-26 03:00,807.5,290.5,40.2,59.0,4.01,15.4,0.83,8.77,0.156,14.9,0.07,12.3,1784.1,50.2
2026-07-26 04:00,706.3,346.1,33.8,54.2,4.51,16.5,0.83,8.41,0.164,16.0,0.05,12.1,1725.6,41.3
2026-07-26 05:00,591.5,405.6,37.8,60.8,5.1,16.5,0.83,8.45,0.154,16.1,0.06,13.6,1709.3,42.4
2026-07-26 06:00,751.2,332.5,36.1,58.5,4.73,15.8,0.8,7.91,0.153,14.9,0.04,13.2,1879.9,48.7
2026-07-26 07:00,765.0,419.6,30.3,50.1,4.76,16.8,0.83,7.61,0.17,16.4,0.05,12.6,1803.7,44.1
2026-07-26 08:00,704.7,367.1,34.0,50.2,4.89,16.7,0.8,7.93,0.167,16.2,0.09,13.5,1807.8,43.0
2026-07-26 09:00,697.9,426.2,36.1,56.6,4.01,16.0,0.78,7.98,0.141,15.6,0.05,13.7,1764.3,43.5
2026-07-26 10:00,839.4,279.5,41.3,62.4,3.86,15.3,0.85,7.82,0.152,14.4,0.03,13.6,1889.9,46.4
2026-07-26 11:00,714.4,363.8,40.1,59.1,4.49,15.9,0.78,8.28,0.173,15.6,0.03,12.4,1751.5,44.8
2026-07-26 12:00,736.8,363.8,32.1,51.1,3.7,16.6,0.77,8.23,0.166,15.8,0.08,14.3,1814.0,44.4
2026-07-26 13:00,718.1,357.1,38.0,57.3,4.33,16.9,0.72,7.97,0.168,16.5,0.08,12.7,1783.0,45.8
2026-07-26 14:00,782.1,405.5,33.9,56.8,5.29,16.7,0.84,6.96,0.141,15.8,0.07,13.8,1842.3,42.8
2026-07-26 15:00,907.2,425.6,50.2,71.5,4.62,14.6,0.75,7.96,0.146,14.1,0.05,15.6,1871.6,53.4
2026-07-26 16:00,811.4,302.7,30.9,53.8,6.18,14.0,0.83,7.53,0.151,13.2,0.07,15.2,1804.9,49.3
2026-07-26 17:00,682.3,333.1,33.6,52.2,5.04,15.7,0.82,7.45,0.152,14.8,0.07,15.9,1761.6,43.7
2026-07-26 18:00,853.0,412.9,34.8,56.8,4.49,14.9,0.74,6.58,0.153,14.4,0.05,15.0,1794.6,45.4
2026-07-26 19:00,1057.5,593.9,69.4,87.4,4.76,16.0,0.74,7.7,0.158,15.2,0.05,16.4,1958.9,48.9
2026-07-26 20:00,823.6,435.3,32.6,52.1,5.0,14.9,0.81,7.56,0.15,14.3,0.05,17.7,1735.6,49.9
2026-07-26 21:00,721.6,262.6,37.7,58.3,5.2,16.6,0.7,7.34,0.16,16.1,0.08,15.4,1835.6,47.5
2026-07-26 22:00,781.7,312.9,32.7,52.9,4.85,15.4,0.77,7.57,0.141,14.7,0.08,18.4,1756.6,49.6
2026-07-26 23:00,683.6,540.7,34.5,58.2,4.6,15.4,0.77,7.6,0.159,14.7,0.04,18.2,1734.7,42.6
2026-07-27 00:00,718.9,339.8,29.1,47.8,4.89,15.3,0.84,7.74,0.154,14.8,0.04,19.4,1812.9,45.3
2026-07-27 01:00,576.2,356.2,31.0,51.7,5.0,16.6,0.82,8.09,0.151,15.9,0.07,19.8,1765.9,40.0
2026-07-27 02:00,689.9,382.1,39.8,59.7,5.53,15.7,0.74,6.92,0.147,15.0,0.07,17.7,1756.0,42.0
2026-07-27 03:00,845.4,287.6,31.9,52.5,4.85,15.4,0.74,7.44,0.162,15.0,0.03,19.4,1807.2,44.8
2026-07-27 04:00,749.7,379.2,40.1,62.5,4.82,16.5,0.8,7.8,0.166,15.9,0.03,19.9,1814.1,45.3
2026-07-27 05:00,638.6,315.4,37.8,56.5,5.03,14.6,0.81,8.06,0.158,14.2,0.05,20.2,1783.2,44.0
2026-07-27 06:00,775.5,295.7,34.9,51.6,6.14,15.6,0.81,8.09,0.168,14.9,0.04,21.0,1740.5,47.3
2026-07-27 07:00,770.4,651.5,37.4,58.1,4.65,16.3,0.77,7.51,0.172,15.8,0.03,22.4,1894.4,43.1
2026-07-27 08:00,745.8,414.5,45.8,69.2,5.67,16.3,0.82,7.51,0.161,16.0,0.09,20.2,1807.0,43.4
2026-07-27 09:00,831.8,498.6,33.4,53.7,5.62,15.5,0.84,7.43,0.166,14.6,0.05,21.8,1838.4,49.0
2026-07-27 10:00,846.4,333.2,39.3,59.0,4.24,16.7,0.88,7.99,0.167,16.4,0.04,21.8,1847.3,50.6
2026-07-27 11:00,832.0,365.5,27.4,50.0,4.7,16.9,0.86,8.52,0.169,16.3,0.08,22.2,1831.7,45.8
2026-07-27 12:00,790.2,387.8,36.1,57.1,6.06,17.0,0.87,7.95,0.158,16.4,0.04,23.0,1840.7,48.4
2026-07-27 13:00,867.7,305.2,28.1,50.2,6.42,16.9,0.8,8.86,0.175,16.4,0.08,25.0,1804.5,49.2
2026-07-27 14:00,791.8,361.5,40.2,58.2,6.33,17.2,0.8,8.21,0.17,16.4,0.08,23.8,1817.2,48.1
2026-07-27 15:00,937.5,349.9,37.7,61.4,5.14,18.7,0.9,8.72,0.17,18.0,0.05,25.2,1845.2,49.0
2026-07-27 16:00,895.2,380.8,36.8,57.1,4.65,18.3,0.89,9.09,0.186,17.2,0.07,24.0,1893.1,47.4
2026-07-27 17:00,779.4,355.0,37.4,56.8,4.85,17.4,0.88,9.1,0.19,16.4,0.08,22.0,1792.2,51.5
2026-07-27 18:00,957.0,345.2,34.1,51.0,4.51,16.8,0.91,8.85,0.193,16.4,0.08,25.1,1921.3,53.5
2026-07-27 19:00,1100.0,290.6,29.0,48.8,4.72,18.1,0.94,9.1,0.169,17.3,0.08,27.3,1921.4,49.6
2026-07-27 20:00,944.9,328.1,39.7,60.2,5.71,18.0,0.88,8.81,0.192,17.2,0.04,25.5,1908.8,62.2
2026-07-27 21:00,849.9,395.1,31.8,51.3,4.34,19.0,0.94,9.05,0.191,18.1,0.05,23.4,1841.1,54.3
2026-07-27 22:00,848.2,284.8,39.7,57.9,5.05,18.4,1.01,9.22,0.175,17.5,0.05,25.5,1835.6,47.4
2026-07-27 23:00,770.4,392.6,30.8,53.8,5.43,19.1,0.99,9.11,0.194,18.1,0.04,23.1,1825.4,48.5
2026-07-28 00:00,732.6,429.8,40.7,60.9,4.77,20.2,0.9,9.06,0.184,19.1,0.04,24.0,1759.6,44.1
2026-07-28 01:00,509.7,445.2,37.5,54.9,4.28,19.9,0.94,9.36,0.188,18.9,0.04,25.2,1752.1,41.7
2026-07-28 02:00,681.4,305.5,39.2,63.2,4.59,18.9,0.91,9.63,0.192,17.9,0.04,26.7,1759.7,48.8
2026-07-28 03:00,788.9,334.2,36.6,55.4,7.93,18.6,0.95,8.88,0.193,18.2,0.07,26.7,1769.4,51.9
2026-07-28 04:00,784.1,394.4,34.5,57.9,4.3,19.3,0.97,9.16,0.198,18.6,0.08,26.3,1845.5,54.9
2026-07-28 05:00,654.4,421.3,35.2,54.6,4.88,19.3,1.08,8.7,0.197,18.5,0.03,26.4,1719.4,44.1
2026-07-28 06:00,910.1,410.6,34.5,52.7,4.82,19.7,0.95,10.02,0.179,18.9,0.03,28.1,1869.0,51.7
2026-07-28 07:00,939.3,287.4,32.8,54.3,5.71,19.9,0.97,9.91,0.2,19.1,0.06,26.1,1902.0,54.6
2026-07-28 08:00,796.4,367.4,44.5,67.4,5.18,20.2,0.93,9.57,0.184,19.8,0.06,27.9,1861.2,48.9
2026-07-28 09:00,858.3,318.3,34.4,52.7,4.69,20.2,1.0,10.3,0.207,19.2,0.04,26.5,1831.9,47.8
2026-07-28 10:00,737.1,327.1,31.3,47.2,4.66,18.2,0.91,9.5,0.177,17.3,0.04,28.3,1835.0,41.4
2026-07-28 11:00,813.1,288.1,35.7,54.7,4.04,18.1,0.88,9.6,0.209,17.4,0.06,26.7,1837.9,47.8
2026-07-28 12:00,843.6,331.3,35.0,53.9,4.62,18.8,0.85,9.78,0.199,18.1,0.06,26.8,1878.1,51.7
2026-07-28 13:00,743.3,366.8,34.9,53.9,6.28,19.7,0.98,9.61,0.186,18.6,0.05,29.3,1814.9,43.2
2026-07-28 14:00,871.6,340.3,31.5,52.1,4.47,18.9,0.98,8.99,0.194,18.1,0.07,26.0,1793.4,49.7
2026-07-28 15:00,998.7,358.8,35.9,58.5,3.97,18.1,0.96,9.72,0.174,17.2,0.08,29.6,1855.9,51.8
2026-07-28 16:00,932.6,365.2,34.9,54.5,4.22,18.8,0.98,9.15,0.185,18.2,0.06,28.1,1915.3,49.4
2026-07-28 17:00,748.5,405.5,37.5,61.5,4.76,19.1,0.89,9.42,0.192,18.4,0.08,26.2,1769.3,51.2
2026-07-28 18:00,970.5,426.8,33.8,51.8,5.15,18.2,0.92,8.75,0.194,17.4,0.05,28.6,1911.2,54.0
2026-07-28 19:00,994.2,328.9,31.3,53.1,4.45,18.6,0.86,8.83,0.176,17.5,0.04,28.6,1914.9,52.1
2026-07-28 20:00,890.4,667.7,38.3,58.0,5.65,17.3,0.89,9.32,0.187,16.8,0.04,29.2,1803.0,48.8
2026-07-28 21:00,799.4,314.1,37.3,56.6,4.63,16.7,0.91,8.95,0.163,16.2,0.03,28.4,1754.9,45.3
2026-07-28 22:00,850.4,368.5,36.0,53.0,5.51,16.4,0.89,8.93,0.17,15.6,0.04,28.6,1855.4,49.3
2026-07-28 23:00,773.4,339.4,35.8,55.7,4.82,17.0,0.83,8.78,0.167,16.6,0.04,27.1,1834.0,42.1
2026-07-29 00:00,811.9,356.5,35.9,55.6,5.58,16.9,0.9,8.33,0.182,16.4,0.08,29.0,1804.5,50.3
2026-07-29 01:00,548.1,310.7,39.2,57.4,4.02,16.6,0.87,7.97,0.179,15.7,0.07,29.2,1632.9,40.2
2026-07-29 02:00,709.5,334.3,34.2,51.8,4.82,20.3,0.91,8.39,0.171,19.8,0.07,28.8,1844.6,45.0
2026-07-29 03:00,871.4,324.5,37.5,55.3,4.55,18.1,0.9,8.43,0.16,17.1,0.04,27.5,1882.3,43.9
2026-07-29 04:00,806.2,386.2,34.2,56.1,4.4,16.8,0.8,8.32,0.169,16.1,0.04,25.8,1816.2,45.4
2026-07-29 05:00,630.4,304.9,35.2,56.3,4.45,16.7,0.82,8.06,0.161,16.2,0.05,25.7,1753.2,44.4
2026-07-29 06:00,778.5,349.5,34.7,57.3,3.97,15.1,0.79,8.66,0.153,14.8,0.06,26.1,1870.0,46.4
2026-07-29 07:00,855.0,358.7,39.7,60.6,4.44,16.6,0.83,7.02,0.16,15.7,0.06,28.3,1791.0,44.7
2026-07-29 08:00,743.4,358.6,38.2,55.4,4.9,17.2,0.76,7.7,0.157,16.3,0.04,27.1,1690.3,43.6
2026-07-29 09:00,904.5,329.5,26.5,48.3,6.91,16.9,0.8,8.21,0.147,16.3,0.09,26.1,1839.9,50.9
2026-07-29 10:00,887.7,434.7,33.0,54.0,4.37,15.5,0.74,8.1,0.157,15.0,0.08,25.8,1909.2,46.7
2026-07-29 11:00,786.2,395.2,44.2,66.3,4.13,16.1,0.77,8.05,0.145,15.7,0.05,25.3,1872.1,46.3
2026-07-29 12:00,878.1,388.8,35.8,52.6,5.6,16.1,0.78,7.96,0.16,15.7,0.04,24.8,1804.8,43.2
2026-07-29 13:00,933.9,385.6,30.0,47.5,5.27,14.1,0.77,8.09,0.138,13.5,0.09,25.5,1806.4,47.9
2026-07-29 14:00,820.3,260.1,39.0,58.8,5.07,14.9,0.74,7.95,0.16,14.2,0.08,24.8,1828.4,44.4
2026-07-29 15:00,1079.5,355.8,40.6,60.2,5.07,16.6,0.78,7.31,0.146,16.3,0.05,26.6,1959.1,53.1
2026-07-29 16:00,983.5,411.5,32.7,53.9,4.95,16.9,0.81,8.71,0.157,16.4,0.07,25.4,1876.8,53.7
2026-07-29 17:00,740.2,403.7,34.3,53.0,5.19,15.6,0.77,7.11,0.148,14.7,0.03,24.4,1767.5,43.6
2026-07-29 18:00,982.0,369.4,31.6,48.4,4.66,13.7,0.73,7.36,0.144,13.1,0.08,25.1,1896.2,43.8
2026-07-29 19:00,1100.0,309.4,37.4,54.4,5.5,15.7,0.8,7.46,0.146,15.0,0.09,23.1,1924.2,52.3
2026-07-29 20:00,949.3,394.0,32.9,51.6,4.68,15.4,0.78,8.09,0.167,15.0,0.08,21.3,1862.8,51.7
2026-07-29 21:00,920.8,371.1,37.6,59.2,3.76,14.9,0.8,8.03,0.145,14.3,0.06,21.0,1851.6,45.4
2026-07-29 22:00,903.2,390.9,30.8,50.5,5.38,14.9,0.72,7.91,0.149,14.3,0.06,23.6,1752.5,47.7
2026-07-29 23:00,772.3,405.4,39.0,62.0,5.01,17.4,0.78,8.51,0.142,16.6,0.08,25.4,1784.1,48.2
2026-07-30 00:00,755.8,400.7,41.5,60.1,6.8,16.8,0.77,7.2,0.154,15.9,0.04,20.6,1776.0,44.9
2026-07-30 01:00,563.2,451.2,33.7,52.9,5.16,15.9,0.82,8.36,0.16,15.5,0.08,20.7,1698.8,39.7
2026-07-30 02:00,692.7,352.1,32.9,52.8,4.57,15.3,0.82,7.53,0.157,14.9,0.04,22.2,1807.5,45.1
2026-07-30 03:00,906.5,357.1,32.7,50.2,4.95,16.5,0.83,8.08,0.172,16.0,0.04,21.3,1833.3,48.6
2026-07-30 04:00,731.6,375.5,33.1,53.2,4.83,15.7,0.77,8.04,0.152,15.1,0.07,19.6,1794.6,46.9
2026-07-30 05:00,673.3,351.5,39.3,80.7,4.57,17.1,0.89,8.26,0.191,16.3,0.09,21.3,1739.7,46.9
2026-07-30 06:00,847.2,279.3,36.3,54.9,5.58,15.3,0.8,8.28,0.157,14.7,0.06,19.8,1901.4,47.1
2026-07-30 07:00,859.6,362.3,38.5,55.6,4.79,15.3,0.74,8.56,0.16,14.7,0.08,20.6,1911.5,46.5
2026-07-30 08:00,780.1,392.2,30.1,48.5,4.42,17.0,0.81,8.19,0.166,16.1,0.08,18.0,1799.3,48.1
2026-07-30 09:00,886.7,294.7,29.7,49.2,5.28,15.3,0.85,8.17,0.168,14.7,0.05,18.7,1861.4,46.8
2026-07-30 10:00,907.5,596.4,39.4,62.5,4.86,15.7,0.86,8.51,0.17,15.3,0.05,18.7,1866.7,43.8
2026-07-30 11:00,833.6,287.1,31.4,70.8,4.91,18.5,0.87,7.95,0.176,17.4,0.03,20.1,1790.1,48.3
2026-07-30 12:00,925.9,283.2,36.1,57.2,5.02,16.7,0.87,9.33,0.183,15.8,0.06,16.2,1892.0,51.5
2026-07-30 13:00,828.3,331.7,38.2,60.9,5.05,17.3,0.89,8.88,0.179,16.9,0.04,18.1,1879.6,50.7
2026-07-30 14:00,856.7,370.4,31.4,52.1,6.15,16.7,0.92,8.46,0.181,16.1,0.09,15.7,1837.9,50.0
2026-07-30 15:00,1043.1,316.9,38.9,58.8,5.74,17.6,0.92,8.95,0.187,17.1,0.05,17.8,1918.1,55.0
2026-07-30 16:00,922.8,332.4,40.6,61.3,5.4,17.9,0.89,8.89,0.185,16.9,0.08,16.7,1779.1,46.1
2026-07-30 17:00,808.2,374.5,34.0,55.1,5.26,18.1,0.88,9.54,0.18,17.6,0.08,14.2,1808.6,48.9
2026-07-30 18:00,1006.3,396.4,33.1,51.4,5.06,18.2,0.97,9.92,0.171,17.3,0.09,14.4,1936.5,45.6
2026-07-30 19:00,1100.0,415.6,33.4,55.2,8.55,17.8,0.92,9.21,0.182,16.9,0.05,14.8,1955.4,49.5
2026-07-30 20:00,940.7,305.5,28.4,47.2,4.73,19.1,0.9,9.03,0.191,18.3,0.08,15.5,1937.4,53.8
2026-07-30 21:00,864.5,419.9,35.6,55.8,5.26,17.4,0.94,9.35,0.194,16.5,0.04,14.3,1769.0,54.2
2026-07-30 22:00,845.6,359.6,59.0,77.0,7.76,18.1,0.92,9.09,0.191,17.4,0.05,12.0,1887.6,51.5
2026-07-30 23:00,700.8,280.2,32.8,52.7,6.66,18.9,0.93,9.43,0.195,18.4,0.03,14.0,1772.7,43.0
